doc_id,committee_name,session_date,source_url,session_title,utterance_from,utterance_to,subject_label,tags
25_ptv_2559210,ועדת_הכספים,2023-05-04,https://fs.knesset.gov.il/25/Committees/25_ptv_2559210.doc,"פרק י' (צמצום השימוש במזומן) מתוך הצעת חוק ההתייעלות הכלכלית (תיקוני חקיקה להשגת יעדי התקציב לשנות התקציב 2023 ו-2024), התשפ""ג-2023,  מ/1612",1,47,הצגת הצעת חוק צמצום השימוש במזומן,מזומן | פשיעה | הון שחור
25_ptv_2559210,ועדת_הכספים,2023-05-04,https://fs.knesset.gov.il/25/Committees/25_ptv_2559210.doc,"פרק י' (צמצום השימוש במזומן) מתוך הצעת חוק ההתייעלות הכלכלית (תיקוני חקיקה להשגת יעדי התקציב לשנות התקציב 2023 ו-2024), התשפ""ג-2023,  מ/1612",48,82,עמדות גורמי האכיפה / נגישות מגזר ערבי לבנקים,מגזר ערבי | בנק ישראל | רשות הלבנת הון
25_ptv_2559210,ועדת_הכספים,2023-05-04,https://fs.knesset.gov.il/25/Committees/25_ptv_2559210.doc,"פרק י' (צמצום השימוש במזומן) מתוך הצעת חוק ההתייעלות הכלכלית (תיקוני חקיקה להשגת יעדי התקציב לשנות התקציב 2023 ו-2024), התשפ""ג-2023,  מ/1612",83,140,פרטי ההסדר: חובת דיווח ואיסור החזקת מזומן,חובת דיווח | עמדות חברי כנסת
25_ptv_2559210,ועדת_הכספים,2023-05-04,https://fs.knesset.gov.il/25/Committees/25_ptv_2559210.doc,"פרק י' (צמצום השימוש במזומן) מתוך הצעת חוק ההתייעלות הכלכלית (תיקוני חקיקה להשגת יעדי התקציב לשנות התקציב 2023 ו-2024), התשפ""ג-2023,  מ/1612",141,188,"עמדת משרד המשפטים ועמדת היו""ר המסכמת","משרד המשפטים | עמדת יו""ר"
25_ptv_1622644,ועדת_הכספים,2023-01-04,https://fs.knesset.gov.il/25/Committees/25_ptv_1622644.doc,"בקשה לאישור השקעת המדינה בחברת נצר השרון בע""מ בהתאם לסעיף 10 לחוק החברות הממשלתיות, התשל""ה- 1975",1,12,פתיחת ישיבה / שיחה על הר הבית,הר הבית | פתיחה
25_ptv_1622644,ועדת_הכספים,2023-01-04,https://fs.knesset.gov.il/25/Committees/25_ptv_1622644.doc,"בקשה לאישור השקעת המדינה בחברת נצר השרון בע""מ בהתאם לסעיף 10 לחוק החברות הממשלתיות, התשל""ה- 1975",13,51,סקירת חברת נצר השרון ובקשת תקציב שוטף 2022,נצר השרון | תקציב שוטף | חברות ממשלתיות
25_ptv_1622644,ועדת_הכספים,2023-01-04,https://fs.knesset.gov.il/25/Committees/25_ptv_1622644.doc,"בקשה לאישור השקעת המדינה בחברת נצר השרון בע""מ בהתאם לסעיף 10 לחוק החברות הממשלתיות, התשל""ה- 1975",52,201,נבחרת הדירקטורים לחברות ממשלתיות – ייצוג וקריטריונים,נבחרת דירקטורים | ייצוג חרדים | ייצוג עולים
25_ptv_1622644,ועדת_הכספים,2023-01-04,https://fs.knesset.gov.il/25/Committees/25_ptv_1622644.doc,"בקשה לאישור השקעת המדינה בחברת נצר השרון בע""מ בהתאם לסעיף 10 לחוק החברות הממשלתיות, התשל""ה- 1975",202,267,בחינת פרטי תקציב 2022 ואישור הבקשה,תקציב | שכר דירה | ביטוחים | אישור
25_ptv_2508164,ועדת_הכספים,2023-04-30,https://fs.knesset.gov.il/25/Committees/25_ptv_2508164.doc,"הצעת תקנות מס הכנסה (שיעור המס על הכנסה בעד עבודה במשמרות) (תיקון), התשפ""ג-2023",1,70,תקנות מס הכנסה – שיעור מס על עבודה במשמרות,מס הכנסה | עבודה במשמרות | הוראת שעה
25_ptv_2508164,ועדת_הכספים,2023-04-30,https://fs.knesset.gov.il/25/Committees/25_ptv_2508164.doc,"הצעת תקנות מס הכנסה (שיעור המס על הכנסה בעד עבודה במשמרות) (תיקון), התשפ""ג-2023",71,87,תקנות פחת מואץ – עיכוב ודרישה להסדרה,פחת מואץ | השקעות
25_ptv_12816797,ועדת_הכספים,2026-02-04,https://fs.knesset.gov.il/25/Committees/25_ptv_12816797.doc,"הצעת חוק הטבות מס ליישובים (תיקוני חקיקה), התשפ""ו-2025 (מ/1901)",1,64,הצעת חוק הטבות מס ליישובים (תיקוני חקיקה),הטבות מס | יישובים | חוק תיקוני חקיקה
25_ptv_5767892,ועדת_הכספים,2025-01-21,https://fs.knesset.gov.il/25/Committees/25_ptv_5767892.doc,"צו תעריף המכס והפטורים ומס קנייה על טובין (הוראת שעה מס'...), התשפ""ד-2024 (כוספאות)",1,21,צו תעריף המכס על טובין (הוראת שעה) – כוספא,מכס | טובין | הוראת שעה | כוספא
25_ptv_11881863,ועדת_הכספים,2026-02-24,https://fs.knesset.gov.il/25/Committees/25_ptv_11881863.doc,,1,150,"הצגת פרק מס הרכוש – עקרונות, קרקע, ועמדות ראשוניות",מס רכוש | חוק ההסדרים | קרקע
25_ptv_11881863,ועדת_הכספים,2026-02-24,https://fs.knesset.gov.il/25/Committees/25_ptv_11881863.doc,,151,400,"מס רכוש – קרקעות לא מנוצלות, מגזר ערבי, חריגים",מס רכוש | קרקע לא מנוצלת | מגזר ערבי
25_ptv_11881863,ועדת_הכספים,2026-02-24,https://fs.knesset.gov.il/25/Committees/25_ptv_11881863.doc,,401,650,"מס רכוש – מנגנון הגבייה, הסמכה, עמדות נוספות",מס רכוש | מנגנון גבייה | הסמכה
25_ptv_11881863,ועדת_הכספים,2026-02-24,https://fs.knesset.gov.il/25/Committees/25_ptv_11881863.doc,,651,850,מס על סיגריות ומוצרי עישון (סעיפים נוספים מחוק ההסדרים),מס סיגריות | עישון | חוק ההסדרים
25_ptv_11881863,ועדת_הכספים,2026-02-24,https://fs.knesset.gov.il/25/Committees/25_ptv_11881863.doc,,851,1081,סיכום ואישור מס רכוש – נושאים שיירים,מס רכוש | אישור | נושאים שיירים
25_ptv_5927227,ועדת_הכספים,2025-01-27,https://fs.knesset.gov.il/25/Committees/25_ptv_5927227.doc,"סעיפים 11 ו-13 (שינוי מודל החשבוניות הפיקטיביות) מתוך הצעת חוק ההתייעלות הכלכלית (תיקוני חקיקה להשגת יעדי התקציב לשנת התקציב 2025), התשפ""ה-2024",1,24,פתיחה – מצב שר האוצר / הקשר פוליטי,פתיחה | שר האוצר
25_ptv_5927227,ועדת_הכספים,2025-01-27,https://fs.knesset.gov.il/25/Committees/25_ptv_5927227.doc,"סעיפים 11 ו-13 (שינוי מודל החשבוניות הפיקטיביות) מתוך הצעת חוק ההתייעלות הכלכלית (תיקוני חקיקה להשגת יעדי התקציב לשנת התקציב 2025), התשפ""ה-2024",25,657,שינוי מודל חשבוניות פיקטיביות – מניעת הונאת מס,"חשבוניות פיקטיביות | הונאת מס | מע""מ | גוגל"
25_ptv_3920438,ועדת_הכספים,2024-01-01,https://fs.knesset.gov.il/25/Committees/25_ptv_3920438.doc,"דיון מעקב אחר דיון מהיר בנושא: מצב שוק ההון והבורסה בעקבות המלחמה. הצעתם של חברי הכנסת אליהו רביבו, אורית פרקש הכהן",1,5,פתיחה – נציגת משפחת חטוף,חטופים | פתיחה
25_ptv_3920438,ועדת_הכספים,2024-01-01,https://fs.knesset.gov.il/25/Committees/25_ptv_3920438.doc,"דיון מעקב אחר דיון מהיר בנושא: מצב שוק ההון והבורסה בעקבות המלחמה. הצעתם של חברי הכנסת אליהו רביבו, אורית פרקש הכהן",6,178,שוק ההון והבורסה בעקבות המלחמה – ניתוח ומלצות,שוק ההון | בורסה | מלחמה | השקעות
25_ptv_3727667,ועדת_הכספים,2023-11-29,https://fs.knesset.gov.il/25/Committees/25_ptv_3727667.doc,שינויים בתקציב לשנת 2023,1,270,"שינויים תקציביים – תרבות, ספורט ומרכזי קהילה",תרבות | ספורט | שינויים תקציביים
25_ptv_3727667,ועדת_הכספים,2023-11-29,https://fs.knesset.gov.il/25/Committees/25_ptv_3727667.doc,שינויים בתקציב לשנת 2023,271,361,שינויים תקציביים – משרד האנרגיה,אנרגיה | שינויים תקציביים
25_ptv_3599853,ועדת_הכספים,2023-11-05,https://fs.knesset.gov.il/25/Committees/25_ptv_3599853.doc,"הצעת חוק התכנית לסיוע כלכלי (הוראת שעה – חרבות ברזל), התשפ""ד-2023 (מ/1670) – הכנה לקריאה שנייה ושלישית",1,100,מסגרת הסיוע הכלכלי לעסקים – חרבות ברזל,חרבות ברזל | סיוע לעסקים | שר הכלכלה
25_ptv_3599853,ועדת_הכספים,2023-11-05,https://fs.knesset.gov.il/25/Committees/25_ptv_3599853.doc,"הצעת חוק התכנית לסיוע כלכלי (הוראת שעה – חרבות ברזל), התשפ""ד-2023 (מ/1670) – הכנה לקריאה שנייה ושלישית",101,450,"פרטי חוק הסיוע – מענקים, שכר, חל""ת, עוסקים פטורים","מענקים | שכר | חל""ת | עוסק פטור"
25_ptv_3599853,ועדת_הכספים,2023-11-05,https://fs.knesset.gov.il/25/Committees/25_ptv_3599853.doc,"הצעת חוק התכנית לסיוע כלכלי (הוראת שעה – חרבות ברזל), התשפ""ד-2023 (מ/1670) – הכנה לקריאה שנייה ושלישית",451,866,"קריאת סעיפי החוק – הגדרות, חישוב הנזק, הצבעה",קריאת חוק | הגדרות | הצבעה
25_ptv_2742206,ועדת_הכספים,2023-06-06,https://fs.knesset.gov.il/25/Committees/25_ptv_2742206.doc,"הצעת תקנות מס הכנסה (ניכוי הוצאות רכב) (תיקון מס'...), התשפ""ג-2023; תקנות מס ערך מוסף (תיקון מס'...), התשפ""ג-2023; צו הבלו על דלק (פטור והישבון) (תיקון מס'...), התשפ""ג-2023",1,49,תקנות מכס – ביטול הפחתות / עמדות תעשיינים,מכס | תעשיינים | פלדה | אלומיניום
25_ptv_2742206,ועדת_הכספים,2023-06-06,https://fs.knesset.gov.il/25/Committees/25_ptv_2742206.doc,"הצעת תקנות מס הכנסה (ניכוי הוצאות רכב) (תיקון מס'...), התשפ""ג-2023; תקנות מס ערך מוסף (תיקון מס'...), התשפ""ג-2023; צו הבלו על דלק (פטור והישבון) (תיקון מס'...), התשפ""ג-2023",50,200,תקנות ניכוי הוצאות רכב – כולל רכב חשמלי,"ניכוי הוצאות רכב | רכב חשמלי | מע""מ"
25_ptv_5849813,ועדת_הכספים,2025-02-25,https://fs.knesset.gov.il/25/Committees/25_ptv_5849813.doc,"סעיף 9(1) ו-14 (הכרה בהוצאות הכרוכות בהשבחת נכס) מתוך הצעת חוק ההתייעלות הכלכלית (תיקוני חקיקה להשגת יעדי התקציב לשנת התקציב 2025), התשפ""ה-2024,  מ/1822",1,156,הכרה בהוצאות השבחת נכס במס שבח – עקרונות וקבלות,מס שבח | השבחת נכס | הוצאות מוכרות
25_ptv_5927206,ועדת_הכספים,2025-01-27,https://fs.knesset.gov.il/25/Committees/25_ptv_5927206.doc,הצעת תקציב ועדת הבחירות המרכזית לכנסת לשנת 2025,1,5,פתיחה – נציגת משפחת חטוף,חטופים | פתיחה
25_ptv_5927206,ועדת_הכספים,2025-01-27,https://fs.knesset.gov.il/25/Committees/25_ptv_5927206.doc,הצעת תקציב ועדת הבחירות המרכזית לכנסת לשנת 2025,6,168,תקציב ועדת הבחירות המרכזית לשנת 2025,ועדת בחירות | תקציב | ממוחשב
25_ptv_9816649,ועדת_הכספים,2025-11-03,https://fs.knesset.gov.il/25/Committees/25_ptv_9816649.doc,שינויים בתקציב לשנת 2025,1,5,פתיחה – נציג משפחה שכולה,שכול | פתיחה
25_ptv_9816649,ועדת_הכספים,2025-11-03,https://fs.knesset.gov.il/25/Committees/25_ptv_9816649.doc,שינויים בתקציב לשנת 2025,6,200,שינויים תקציביים – ביטחון ואבטחה,ביטחון | אבטחה | שינויים תקציביים
25_ptv_9816649,ועדת_הכספים,2025-11-03,https://fs.knesset.gov.il/25/Committees/25_ptv_9816649.doc,שינויים בתקציב לשנת 2025,201,400,שינויים תקציביים – מחקר ופיתוח / משרד המדע,מחקר | מדע | שינויים תקציביים
25_ptv_9816649,ועדת_הכספים,2025-11-03,https://fs.knesset.gov.il/25/Committees/25_ptv_9816649.doc,שינויים בתקציב לשנת 2025,401,580,שינויים תקציביים – רשויות מקומיות ושירותים,רשויות מקומיות | שינויים תקציביים
25_ptv_2412041,ועדת_הכספים,2023-04-16,https://fs.knesset.gov.il/25/Committees/25_ptv_2412041.doc,"הצעת חוק התקציב לשנת הכספים 2023, התשפ""ג-2023,  מ/1610",1,182,הצגת תקציב 2023 – דיון כללי עם שר האוצר סמוטריץ',תקציב 2023 | שר האוצר | עדיפויות
25_ptv_10897864,ועדת_הכספים,2025-12-31,https://fs.knesset.gov.il/25/Committees/25_ptv_10897864.doc,שינויים בתקציב לשנת 2025,1,120,ויכוח נוהלי – אופן הגשת פניות תקציביות ושקיפות,נוהל | שקיפות | פניות תקציביות
25_ptv_10897864,ועדת_הכספים,2025-12-31,https://fs.knesset.gov.il/25/Committees/25_ptv_10897864.doc,שינויים בתקציב לשנת 2025,121,619,"העברות תקציביות שונות – חינוך, ביטחון, רשויות",העברות תקציביות | חינוך | ביטחון
25_ptv_4940154,ועדת_הכספים,2024-07-21,https://fs.knesset.gov.il/25/Committees/25_ptv_4940154.doc,"הצעת תקנות המדידות (אגרות) (תיקון), התשפ""ד - 2024",1,155,תקנות המדידות – העלאת אגרות ותעריפים,מדידות | אגרות | תעריפים
25_ptv_1644940,ועדת_הכספים,2023-01-17,https://fs.knesset.gov.il/25/Committees/25_ptv_1644940.doc,"הצעת החלטת שכר שרים וסגני שרים (הוראת שעה ועדכון השכר), התשפ""ג-2023 הצעת החלטת משכורת נשיא המדינה (הוראת שעה ועדכון השכר), התשפ""ג-2023. החלטת משכורת נושאי משרה שיפוטית (הוראת שעה ועדכון השכר), התשפ""ג-2023",1,94,הצעת החלטת שכר שרים וסגני שרים (הוראת שעה),שכר שרים | שכר שופטים | הוראת שעה
25_ptv_1637437,ועדת_הכספים,2023-01-16,https://fs.knesset.gov.il/25/Committees/25_ptv_1637437.doc,סיוע לענף גידול הבטטות בעקבות משבר נגיף הקורונה,1,116,סיוע לענף גידול הבטטות – קורונה ושמיטה,בטטות | חקלאות | קורונה | שמיטה
25_ptv_2430648,ועדת_הכספים,2023-04-23,https://fs.knesset.gov.il/25/Committees/25_ptv_2430648.doc,"פרק ז' (בנקאות ואשראי) רק סעיפים 26-25 (בעניין חוב אשראי לגיוס) מתוך הצעת חוק התכנית הכלכלית (תיקוני חקיקה ליישום המדיניות הכלכלית לשנות התקציב 2023 ו-2024), התשפ""ג-2023, מ/1612",1,124,בנקאות ואשראי – חוב אשראי לגיוס (חוק ההסדרים),בנקאות | אשראי | גיוס | חוק ההסדרים
25_ptv_3500165,ועדת_הכספים,2023-10-31,https://fs.knesset.gov.il/25/Committees/25_ptv_3500165.doc,"היערכות הממשלה למתן סיוע לענף הבינוי והשיכון בעקבות הלחימה, בהשתתפות שר הבינוי והשיכון, מר יצחק גולדקנופף",1,70,שר הבינוי – מסגרת הסיוע לענף הבנייה בעקבות הלחימה,בינוי | לחימה | שר הבינוי
25_ptv_3500165,ועדת_הכספים,2023-10-31,https://fs.knesset.gov.il/25/Committees/25_ptv_3500165.doc,"היערכות הממשלה למתן סיוע לענף הבינוי והשיכון בעקבות הלחימה, בהשתתפות שר הבינוי והשיכון, מר יצחק גולדקנופף",71,170,מקלטים ציבוריים ותשתיות צפון / דרום,מקלטים | צפון | דרום | תשתיות
25_ptv_3500165,ועדת_הכספים,2023-10-31,https://fs.knesset.gov.il/25/Committees/25_ptv_3500165.doc,"היערכות הממשלה למתן סיוע לענף הבינוי והשיכון בעקבות הלחימה, בהשתתפות שר הבינוי והשיכון, מר יצחק גולדקנופף",171,235,עובדים זרים בענף הבנייה / פתרונות תקציביים,עובדים זרים | בנייה | תקציב
25_ptv_3652737,ועדת_הכספים,2023-11-15,https://fs.knesset.gov.il/25/Committees/25_ptv_3652737.doc,"הצעת תקנות מס רכוש וקרן פיצויים (תשלום פיצויים) (נזק מלחמה ונזק עקיף) (חרבות ברזל)(הוראת שעה), התשפ""ד-2023",1,110,פתיחה – עקרונות תקנות פיצויי מס רכוש לנזקי מלחמה,מס רכוש | פיצויים | נזק מלחמה
25_ptv_3652737,ועדת_הכספים,2023-11-15,https://fs.knesset.gov.il/25/Committees/25_ptv_3652737.doc,"הצעת תקנות מס רכוש וקרן פיצויים (תשלום פיצויים) (נזק מלחמה ונזק עקיף) (חרבות ברזל)(הוראת שעה), התשפ""ד-2023",111,310,פיצויים – יישובי עוטף עזה ופיקוד דרום,עוטף עזה | פיקוד דרום | פיצויים
25_ptv_3652737,ועדת_הכספים,2023-11-15,https://fs.knesset.gov.il/25/Committees/25_ptv_3652737.doc,"הצעת תקנות מס רכוש וקרן פיצויים (תשלום פיצויים) (נזק מלחמה ונזק עקיף) (חרבות ברזל)(הוראת שעה), התשפ""ד-2023",311,582,"פרטי תקנות – נזק עקיף, חקלאות, רשויות מקומיות",נזק עקיף | חקלאות | רשויות מקומיות
25_ptv_5429168,ועדת_הכספים,2024-12-15,https://fs.knesset.gov.il/25/Committees/25_ptv_5429168.doc,"הצעת חוק ההתייעלות הכלכלית (תיקוני חקיקה להשגת יעדי התקציב לשנת התקציב 2025) (הקפאת עדכוני מס ומס יסף), התשפ""ה-2024 (סעיפים 1(2), (3), 2-4 – הקפאת עדכוני מס ומס יסף (מ/1799)",1,300,מס הכנסה – שינויי מדרגות ונקודות זיכוי,מס הכנסה | מדרגות | נקודות זיכוי
25_ptv_5429168,ועדת_הכספים,2024-12-15,https://fs.knesset.gov.il/25/Committees/25_ptv_5429168.doc,"הצעת חוק ההתייעלות הכלכלית (תיקוני חקיקה להשגת יעדי התקציב לשנת התקציב 2025) (הקפאת עדכוני מס ומס יסף), התשפ""ה-2024 (סעיפים 1(2), (3), 2-4 – הקפאת עדכוני מס ומס יסף (מ/1799)",301,600,מענק עבודה והטבות לשכירים בשכר נמוך,מענק עבודה | שכר נמוך | הטבות
25_ptv_5429168,ועדת_הכספים,2024-12-15,https://fs.knesset.gov.il/25/Committees/25_ptv_5429168.doc,"הצעת חוק ההתייעלות הכלכלית (תיקוני חקיקה להשגת יעדי התקציב לשנת התקציב 2025) (הקפאת עדכוני מס ומס יסף), התשפ""ה-2024 (סעיפים 1(2), (3), 2-4 – הקפאת עדכוני מס ומס יסף (מ/1799)",601,900,מס יסף – מיסוי בעלי הכנסות גבוהות,מס יסף | הכנסות גבוהות
25_ptv_5429168,ועדת_הכספים,2024-12-15,https://fs.knesset.gov.il/25/Committees/25_ptv_5429168.doc,"הצעת חוק ההתייעלות הכלכלית (תיקוני חקיקה להשגת יעדי התקציב לשנת התקציב 2025) (הקפאת עדכוני מס ומס יסף), התשפ""ה-2024 (סעיפים 1(2), (3), 2-4 – הקפאת עדכוני מס ומס יסף (מ/1799)",901,1178,הקפאת מס הכנסה / מיסוי דיבידנדים ורווחים,הקפאת מס | דיבידנדים | רווחים
25_ptv_11053828,ועדת_הכספים,2025-12-30,https://fs.knesset.gov.il/25/Committees/25_ptv_11053828.doc,1. הצעת אישור מוסדות ציבור לעניין סעיף 46 לפקודת מס הכנסה רשימה שסימנה 2025-004703,1,80,פתיחה – ויכוח על הר הבית ומוסדות ציבור,הר הבית | מוסדות ציבור | פתיחה
25_ptv_11053828,ועדת_הכספים,2025-12-30,https://fs.knesset.gov.il/25/Committees/25_ptv_11053828.doc,1. הצעת אישור מוסדות ציבור לעניין סעיף 46 לפקודת מס הכנסה רשימה שסימנה 2025-004703,81,286,אישור מוסדות ציבור לסעיף 46 פקודת מס הכנסה,סעיף 46 | מוסדות ציבור | עמותות | מס הכנסה
25_ptv_1622777,ועדת_הכספים,2023-01-10,https://fs.knesset.gov.il/25/Committees/25_ptv_1622777.doc,"הצעת מינוי מנהל כללי לכנסת בהתאם לסעיף 12 ולסעיף 41 לחוק שירות המדינה (מינויים), התשי""ט – 1959",1,156,מינוי מנהל כללי לכנסת – דיון ואישור,מנהל כללי | כנסת | מינוי
25_ptv_10438035,ועדת_הכספים,2025-12-01,https://fs.knesset.gov.il/25/Committees/25_ptv_10438035.doc,שינויים בתקציב לשנת 2025,1,100,שינויים תקציביים – מחקר מדעי והסברה,מחקר | מדע | הסברה | שינויים תקציביים
25_ptv_10438035,ועדת_הכספים,2025-12-01,https://fs.knesset.gov.il/25/Committees/25_ptv_10438035.doc,שינויים בתקציב לשנת 2025,101,213,שינויים תקציביים – רשויות מקומיות ותוכניות הבראה,רשויות מקומיות | הבראה | שינויים תקציביים
25_ptv_3418488,ועדת_הכספים,2023-07-25,https://fs.knesset.gov.il/25/Committees/25_ptv_3418488.doc,"ביטול קיזוז קצבת הנכות לניצולי שואה בגין תשלומי פיצויים אחרים. 
הצעתם של חברי הכנסת אליהו ברוכי, סימון מושיאשוילי, עופר כסיף, מיכאל ביטון, מירב כהן, אפרת רייטן, יצחק פינדרוס, משה רוט, יעקב אשר, משה פסל, ארז מלול, אורנה ברביבאי, מירב בן-ארי, רם בן-ברק, יואב סגלוביץ', שלום דנינו, נאור שירי, דבי ביטון, יוראי להב הרצנו ושרון ניר",1,30,פתיחה – הקשר לאירועים שוטפים (הפגנות הרפורמה),פתיחה | רפורמה משפטית | הפגנות
25_ptv_3418488,ועדת_הכספים,2023-07-25,https://fs.knesset.gov.il/25/Committees/25_ptv_3418488.doc,"ביטול קיזוז קצבת הנכות לניצולי שואה בגין תשלומי פיצויים אחרים. 
הצעתם של חברי הכנסת אליהו ברוכי, סימון מושיאשוילי, עופר כסיף, מיכאל ביטון, מירב כהן, אפרת רייטן, יצחק פינדרוס, משה רוט, יעקב אשר, משה פסל, ארז מלול, אורנה ברביבאי, מירב בן-ארי, רם בן-ברק, יואב סגלוביץ', שלום דנינו, נאור שירי, דבי ביטון, יוראי להב הרצנו ושרון ניר",31,175,ביטול קיזוז קצבת נכות לניצולי שואה,ניצולי שואה | קצבת נכות | קיזוז | ביטוח לאומי
25_ptv_5613478,ועדת_הכספים,2025-01-28,https://fs.knesset.gov.il/25/Committees/25_ptv_5613478.doc,"סעיפים 8(4), 8(6) ו-12 (חובת דיווח של דירות מקוונות לביצוע עקאות להשכרת מקרקעין) מתוך הצעת חוק ההתייעלות הכלכלית (תיקוני חקיקה להשגת יעדי התקציב לשנת התקציב 2025), התשפ""ה-2024 (מ/1822(",1,159,חובת דיווח פלטפורמות השכרה מקוונת (Airbnb וכד'),דירות | השכרה מקוונת | דיווח | מס הכנסה
25_ptv_11966733,ועדת_הכספים,2026-03-05,https://fs.knesset.gov.il/25/Committees/25_ptv_11966733.doc,"הצעת חוק הפחתת הגירעון והגבלת ההוצאה התקציבית (תיקון מס' 30), התשפ""ו-2026,  מ/1924",1,80,פתיחה – עלות המלחמה וגירעון המדינה,מלחמה | גירעון | עלות כלכלית
25_ptv_11966733,ועדת_הכספים,2026-03-05,https://fs.knesset.gov.il/25/Committees/25_ptv_11966733.doc,"הצעת חוק הפחתת הגירעון והגבלת ההוצאה התקציבית (תיקון מס' 30), התשפ""ו-2026,  מ/1924",81,210,פרטי חוק הפחתת הגירעון והגבלת ההוצאה התקציבית,גירעון | הגבלת הוצאה | תקציב ביטחון
25_ptv_13320026,ועדת_הכספים,2026-03-09,https://fs.knesset.gov.il/25/Committees/25_ptv_13320026.doc,"הצעת חוק התקציב לשנת הכספים 2026, התשפ""ו-2026, מ/1923",1,100,תקציב 2026 – נציבות שירות המדינה / מינהל תקין,נציבות שירות המדינה | מינהל תקין | תקציב 2026
25_ptv_13320026,ועדת_הכספים,2026-03-09,https://fs.knesset.gov.il/25/Committees/25_ptv_13320026.doc,"הצעת חוק התקציב לשנת הכספים 2026, התשפ""ו-2026, מ/1923",101,350,"תקציב 2026 – ביטחון, תקשורת ומשרדים נוספים",ביטחון | תקשורת | תקציב 2026
25_ptv_13320026,ועדת_הכספים,2026-03-09,https://fs.knesset.gov.il/25/Committees/25_ptv_13320026.doc,"הצעת חוק התקציב לשנת הכספים 2026, התשפ""ו-2026, מ/1923",351,592,"תקציב 2026 – עלייה וקליטה, שיכון, מוסדות לאומיים",עלייה וקליטה | שיכון | מוסדות לאומיים
25_ptv_4925334,ועדת_הכספים,2024-06-26,https://fs.knesset.gov.il/25/Committees/25_ptv_4925334.doc,"הצעת חוק הארכת תקופות ודחיית מועדים (הוראת שעה - חרבות ברזל) (הליכי מס ומענקי סיוע) (תיקון - הפקדות משרת מילואים), התשפ""ד-2024, פ/4392/25",1,100,הארכת מועדים – הליכי מס / עסקים ועצמאים,הארכת מועדים | מס | עסקים | חרבות ברזל
25_ptv_4925334,ועדת_הכספים,2024-06-26,https://fs.knesset.gov.il/25/Committees/25_ptv_4925334.doc,"הצעת חוק הארכת תקופות ודחיית מועדים (הוראת שעה - חרבות ברזל) (הליכי מס ומענקי סיוע) (תיקון - הפקדות משרת מילואים), התשפ""ד-2024, פ/4392/25",101,200,מילואימניקים – הטבות מס ופנסיה,מילואים | מס | פנסיה | הטבות
25_ptv_4925334,ועדת_הכספים,2024-06-26,https://fs.knesset.gov.il/25/Committees/25_ptv_4925334.doc,"הצעת חוק הארכת תקופות ודחיית מועדים (הוראת שעה - חרבות ברזל) (הליכי מס ומענקי סיוע) (תיקון - הפקדות משרת מילואים), התשפ""ד-2024, פ/4392/25",201,287,קרנות פנסיה וביטוח חיים – הארכת מועדים,פנסיה | ביטוח חיים | הארכת מועדים
25_ptv_3509242,ועדת_הכספים,2023-10-17,https://fs.knesset.gov.il/25/Committees/25_ptv_3509242.doc,"דיון בנושא: חרבות ברזל והערכות הממשלה למתן פיצוי בעקבות הלחימה, בהשתתפות שר הכלכלה מר ניר ברקת ומנכ""ל משרד הכלכלה מר אמנון מרחב",1,70,שר הכלכלה ברקת – מסגרת הפיצוי לעסקים,חרבות ברזל | פיצוי עסקים | שר הכלכלה
25_ptv_3509242,ועדת_הכספים,2023-10-17,https://fs.knesset.gov.il/25/Committees/25_ptv_3509242.doc,"דיון בנושא: חרבות ברזל והערכות הממשלה למתן פיצוי בעקבות הלחימה, בהשתתפות שר הכלכלה מר ניר ברקת ומנכ""ל משרד הכלכלה מר אמנון מרחב",71,200,פיצוי לעסקים קטנים ועצמאים – קריטריונים,עסקים קטנים | עצמאים | פיצויים
25_ptv_3509242,ועדת_הכספים,2023-10-17,https://fs.knesset.gov.il/25/Committees/25_ptv_3509242.doc,"דיון בנושא: חרבות ברזל והערכות הממשלה למתן פיצוי בעקבות הלחימה, בהשתתפות שר הכלכלה מר ניר ברקת ומנכ""ל משרד הכלכלה מר אמנון מרחב",201,335,חקלאות וענפים ספציפיים – פיצוי וסיוע,חקלאות | פיצוי | ענפים ספציפיים
25_ptv_5095823,ועדת_הכספים,2024-08-14,https://fs.knesset.gov.il/25/Committees/25_ptv_5095823.doc,"הצלת מפעל סולבר לייצור כוספא מאשדוד ואשקלון - קריאה להבאת צו מכס, של חברי הכנסת אלון שוסטר, ששון גואטה, נעמה לזימי, אלי דלל, קטי שטרית, מטי צרפתי הרכבי , נאור שירי, דבי ביטון, ולדימיר בליאק ומיכאל ביטון",1,47,הצלת מפעל סולבר – צו מכס לייצור כוספא,מפעל סולבר | כוספא | מכס | תעשייה
25_ptv_10897788,ועדת_הכספים,2025-12-31,https://fs.knesset.gov.il/25/Committees/25_ptv_10897788.doc,שינויים בתקציב לשנת 2025,1,159,שינויים תקציביים – רשויות מקומיות / מענקי איזון,רשויות מקומיות | מענקי איזון | שינויים תקציביים
25_ptv_4032856,ועדת_הכספים,2023-12-26,https://fs.knesset.gov.il/25/Committees/25_ptv_4032856.doc,"הצעת תקנות השקעות משותפות בנאמנות (עסקאות באשראי ופדיון יחידות באשראי) (תיקון מס'...) התשפ""ד-2023 הצעת תקנות השקעות משותפות בנאמנות (אופציות, חוזים עתידיים ומכירות בחסר) (תיקון מס'...) התשפ""ד-2023;",1,49,תקנות השקעות משותפות בנאמנות – עסקאות באשראי,השקעות משותפות | נאמנות | אשראי
25_ptv_7298332,ועדת_הכספים,2025-06-09,https://fs.knesset.gov.il/25/Committees/25_ptv_7298332.doc,"הצעת החלטת גמלאות לנושאי משרה ברשויות השלטון (מבקר המדינה ושאיריו),(תיקון),התשפ""ה- 2025 (מענק הסתגלות בעת סיום כהונה של מבקר המדינה)",1,18,גמלאות מבקר המדינה – אישור תיקון,מבקר המדינה | גמלאות | אישור
25_ptv_9288578,ועדת_הכספים,2025-09-15,https://fs.knesset.gov.il/25/Committees/25_ptv_9288578.doc,שינויים בתקציב לשנת 2025,1,70,שינויים תקציביים – רשות מקרקעי ישראל / שמירת קרקע,"רמ""י | מקרקעין | שמירת קרקע"
25_ptv_9288578,ועדת_הכספים,2025-09-15,https://fs.knesset.gov.il/25/Committees/25_ptv_9288578.doc,שינויים בתקציב לשנת 2025,71,170,שינויים תקציביים – משרד המדע ושוויון חברתי,מדע | שוויון חברתי | שינויים תקציביים
25_ptv_9288578,ועדת_הכספים,2025-09-15,https://fs.knesset.gov.il/25/Committees/25_ptv_9288578.doc,שינויים בתקציב לשנת 2025,171,244,שינויים תקציביים – שר המורשת / נושאים נוספים,מורשת | שינויים תקציביים
25_ptv_1434808,ועדת_הכספים,2022-12-12,https://fs.knesset.gov.il/25/Committees/25_ptv_1434808.doc,"התייקרות תעריפי המים לחקלאות, הצעתו של ח""כ עמיחי שיקלי",1,69,התייקרות תעריפי המים לחקלאות – רשות המים,מים | חקלאות | תעריפים | רשות המים
25_ptv_6563512,ועדת_הכספים,2025-02-11,https://fs.knesset.gov.il/25/Committees/25_ptv_6563512.doc,"סעיפים 8(1), (2), (3), (5), (7)-(9), 9(2), 10(1) ו־14 (הוצאות שלא מותרות בניכוי והגבלת תשלומים במזומן) מתוך הצעת חוק ההתייעלות הכלכלית (תיקוני חקיקה להשגת יעדי התקציב לשנת התקציב 2025), התשפ""ה-2024, מ/1822",1,110,הצגת סעיפי הוצאות לא מותרות בניכוי (חוק ההסדרים),ניכוי הוצאות | חוק ההסדרים | מס הכנסה
25_ptv_6563512,ועדת_הכספים,2025-02-11,https://fs.knesset.gov.il/25/Committees/25_ptv_6563512.doc,"סעיפים 8(1), (2), (3), (5), (7)-(9), 9(2), 10(1) ו־14 (הוצאות שלא מותרות בניכוי והגבלת תשלומים במזומן) מתוך הצעת חוק ההתייעלות הכלכלית (תיקוני חקיקה להשגת יעדי התקציב לשנת התקציב 2025), התשפ""ה-2024, מ/1822",111,400,"פרטי הוצאות בניכוי – חשבוניות, מזומן, מע""מ","חשבוניות | מזומן | מע""מ | ניכוי"
25_ptv_6563512,ועדת_הכספים,2025-02-11,https://fs.knesset.gov.il/25/Committees/25_ptv_6563512.doc,"סעיפים 8(1), (2), (3), (5), (7)-(9), 9(2), 10(1) ו־14 (הוצאות שלא מותרות בניכוי והגבלת תשלומים במזומן) מתוך הצעת חוק ההתייעלות הכלכלית (תיקוני חקיקה להשגת יעדי התקציב לשנת התקציב 2025), התשפ""ה-2024, מ/1822",401,689,קריאת סעיפי החוק – הוראות מעבר ותחולה,הוראות מעבר | תחולה | קריאת חוק
25_ptv_7294086,ועדת_הכספים,2025-06-03,https://fs.knesset.gov.il/25/Committees/25_ptv_7294086.doc,שינויים בתקציב לשנת 2025,1,17,"הצעות לסדר – השלכות תקציביות מלחמה, ארגוני סביבה, הסברה",מילואים | קרן ניקיון | ארגוני סביבה | הסברה | הצעות לסדר
25_ptv_7294086,ועדת_הכספים,2025-06-03,https://fs.knesset.gov.il/25/Committees/25_ptv_7294086.doc,שינויים בתקציב לשנת 2025,18,82,נשיא המדינה – עודפי 4.7M ₪; כנף ציון יקר מטיסה מסחרית אך ההחלטה בידי חשב כללי,נשיא המדינה | כנף ציון | עודפים | אבטחה | נשיאים לשעבר
25_ptv_7294086,ועדת_הכספים,2025-06-03,https://fs.knesset.gov.il/25/Committees/25_ptv_7294086.doc,שינויים בתקציב לשנת 2025,83,190,"משרד ראש הממשלה – 998M ₪ עודפים: גיור (20.9M), ארכיון המדינה (15.9M), מירון-תשתיות, מורשת (27.5M)+אפליקציה בשלבי אפיון, התיישבות (191M), דיגיטל לאומי (39.5M), מעמד האישה-רשות בוטלה אך תקצוב נמשך (4.2M), מיעוטים (27.4M), נגב וגליל (37.8M), תפוצות (20M), מסורת וירושלים (28M)",ראש הממשלה | עודפים | גיור | ארכיון | מירון | מורשת | התיישבות | דיגיטל | מעמד האישה | מיעוטים | נגב וגליל | תפוצות | מסורת וירושלים
25_ptv_4940160,ועדת_הכספים,2024-07-21,https://fs.knesset.gov.il/25/Committees/25_ptv_4940160.doc,מיסוי יתר נגבה ממשרתי המילואים ומשפחותיהם,1,120,עדויות מילואימניקות ומשפחות על מיסוי יתר שנגבה ולא הוחזר,מילואים | מיסוי יתר | ביטוח לאומי | עדויות
25_ptv_4940160,ועדת_הכספים,2024-07-21,https://fs.knesset.gov.il/25/Committees/25_ptv_4940160.doc,מיסוי יתר נגבה ממשרתי המילואים ומשפחותיהם,121,383,ניתוח בעיית המס ודרישה לפתרון נהלי וחקיקתי לרשות המיסים,מילואים | רשות המיסים | פתרון חקיקתי | השבת מס
25_ptv_4657926,ועדת_הכספים,2024-06-04,https://fs.knesset.gov.il/25/Committees/25_ptv_4657926.doc,שינויים בתקציב לשנת 2024,1,10,משרד הביטחון – הרשאה להתחייב 11.3 מיליארד ₪ לפרויקטים ביטחוניים סווגים; אושר,ביטחון | הרשאה להתחייב | תקציב | סיווג
25_ptv_3468980,ועדת_הכספים,2023-10-24,https://fs.knesset.gov.il/25/Committees/25_ptv_3468980.doc,"דיון בנושא:""חרבות ברזל והערכות הממשלה למתן פיצוי בעקבות הלחימה, בהשתתפות שר האוצר מר בצלאל סמוטריץ'""",1,75,מצב האשראי לעסקים בחרבות ברזל – מפקח הבנקים; אשדוד נכלל; הצעה להרחיב לצפון,חרבות ברזל | אשראי | עסקים | מפקח הבנקים | אשדוד
25_ptv_3468980,ועדת_הכספים,2023-10-24,https://fs.knesset.gov.il/25/Committees/25_ptv_3468980.doc,"דיון בנושא:""חרבות ברזל והערכות הממשלה למתן פיצוי בעקבות הלחימה, בהשתתפות שר האוצר מר בצלאל סמוטריץ'""",76,145,פרטי מסלולי אשראי לעסקים קטנים; שיקים חוזרים; דרישה לשנות תנאי הגבלת אשראי,עסקים קטנים | שיקים חוזרים | הגבלת אשראי | מסלולי סיוע
25_ptv_11755462,ועדת_הכספים,2026-02-16,https://fs.knesset.gov.il/25/Committees/25_ptv_11755462.doc,"פרק ז' (מס מיוחד על רווחי בנקים) מתוך הצעת חוק ההתייעלות הכלכלית (תיקוני חקיקה להשגת יעדי התקציב לשנת התקציב 2026), התשפ""ו-2026,  מ/1924",1,150,הצגת מס מיוחד על רווחי בנקים (חוק ההתייעלות 2026) – ועדת מומחים: שיקולים לכאן ולכאן,מס רווחי בנקים | חוק ההתייעלות | ועדת מומחים | ריבית
25_ptv_11755462,ועדת_הכספים,2026-02-16,https://fs.knesset.gov.il/25/Committees/25_ptv_11755462.doc,"פרק ז' (מס מיוחד על רווחי בנקים) מתוך הצעת חוק ההתייעלות הכלכלית (תיקוני חקיקה להשגת יעדי התקציב לשנת התקציב 2026), התשפ""ו-2026,  מ/1924",151,450,"פרטי המנגנון – שנות בסיס, ריבית פריים, השפעה על ריבית משכנתאות ועל צרכנים",ריבית פריים | משכנתאות | שנות בסיס | השפעה על צרכנים
25_ptv_11755462,ועדת_הכספים,2026-02-16,https://fs.knesset.gov.il/25/Committees/25_ptv_11755462.doc,"פרק ז' (מס מיוחד על רווחי בנקים) מתוך הצעת חוק ההתייעלות הכלכלית (תיקוני חקיקה להשגת יעדי התקציב לשנת התקציב 2026), התשפ""ו-2026,  מ/1924",451,641,הסתייגויות; בקשה להצגת מודלים בינלאומיים; דיון ממשיך,הסתייגויות | מודלים בינלאומיים | בנקים
25_ptv_3219478,ועדת_הכספים,2023-07-03,https://fs.knesset.gov.il/25/Committees/25_ptv_3219478.doc,"שיעור הריבית על הלוואות לדיור והריבית המשתלמת על-ידי הבנקים על כספים המופקדים בחשבונות עו""ש ובפיקדונות השלכות סביבת האינפלציה והריביות הגבוהות על גיוס האשראי במגזר העסקי - המשך דיון",1,98,ריבית משכנתאות – שר האוצר סמוטריץ' נוכח; בנק ישראל 'הפך מגן של הבנקים'; הצעת חוק בהכנה,ריבית | משכנתאות | בנק ישראל | שר האוצר | חוק
25_ptv_3739864,ועדת_הכספים,2023-10-30,https://fs.knesset.gov.il/25/Committees/25_ptv_3739864.doc,"הצעת חוק הגנה על מענקים מיוחדים (חרבות ברזל), התשפ""ד–2023",1,200,הצגת חוק הגנה על מענקים מיוחדים חרבות ברזל; הצעה לכלול מלאי בית; עמדת רשות האכיפה והגבייה,חרבות ברזל | מענקים מיוחדים | רשות אכיפה | הגדרות
25_ptv_3739864,ועדת_הכספים,2023-10-30,https://fs.knesset.gov.il/25/Committees/25_ptv_3739864.doc,"הצעת חוק הגנה על מענקים מיוחדים (חרבות ברזל), התשפ""ד–2023",201,450,בעיית גופים שלטוניים כפולים – ממשלה מול ועדת הכספים; מינהלת פיצויים,מינהלת פיצויים | ועדת הכספים | גופים שלטוניים | כשל
25_ptv_3739864,ועדת_הכספים,2023-10-30,https://fs.knesset.gov.il/25/Committees/25_ptv_3739864.doc,"הצעת חוק הגנה על מענקים מיוחדים (חרבות ברזל), התשפ""ד–2023",451,611,קריאת סעיפי החוק ואישורו בהצבעה,קריאת חוק | הצבעה | אישור
25_ptv_3850598,ועדת_הכספים,2023-12-19,https://fs.knesset.gov.il/25/Committees/25_ptv_3850598.doc,דיון בבקשת הממשלה לדחיית המועד להגשת דוח הפרשים לכנסת בהתאם לחוק-יסוד: שק המדינה,1,77,ממשלה מבקשת לדחות דוח הפרשים (21 דצמבר) בשל חוסר ודאות מלחמת חרבות ברזל; אושר,דוח הפרשים | חוסר ודאות | חרבות ברזל | דחייה
25_ptv_2800235,ועדת_הכספים,2023-06-12,https://fs.knesset.gov.il/25/Committees/25_ptv_2800235.doc,"שיעור הריבית על הלוואות לדיור והריבית המשתלמת על ידי הבנקים על כספים המופקדים בחשבונות עו""ש ובפיקדונות השלכות סביבת האינפלציה והריביות הגבוהות על גיוס האשראי במגזר העסקי – המשך דיון",1,80,ריבית הלוואות לדיור – בנק ישראל 'הפך מגן של הבנקים'; בנק אופק – מניה שנרכשה ולא עלתה,ריבית | לדיור | בנק ישראל | בנק אופק | ביקורת
25_ptv_2800235,ועדת_הכספים,2023-06-12,https://fs.knesset.gov.il/25/Committees/25_ptv_2800235.doc,"שיעור הריבית על הלוואות לדיור והריבית המשתלמת על ידי הבנקים על כספים המופקדים בחשבונות עו""ש ובפיקדונות השלכות סביבת האינפלציה והריביות הגבוהות על גיוס האשראי במגזר העסקי – המשך דיון",81,130,גפני: הכנת הצעת חוק ריבית; בקשת עמדת בנק ישראל בכתב,הצעת חוק | בנק ישראל | ריבית | ועדת הכספים
25_ptv_2416374,ועדת_הכספים,2023-04-19,https://fs.knesset.gov.il/25/Committees/25_ptv_2416374.doc,"פרק כ' (רשויות מקומיות), 78, 79 מתוכו רק: 1, 2, 5, 6(א) עד (ג), 7, 25-23 (בעניין כספי הקרן להרחבת ההשקעה בתושב, הקצאתם ומקורות הקרן) ו-80-84 מתוך הצעת חוק התכנית הכלכלית (תיקוני חקיקה ליישום המדיניות הכלכלית לשנות התקציב 2023 ו-2024), התשפ""ג-2023, מ/1612",1,175,"פרק כ' חוק ההסדרים – רשויות מקומיות; יועמ""ש שלטון מקומי תומך; ביקורת על קצב ואיכות החקיקה",רשויות מקומיות | חוק ההסדרים | שלטון מקומי | ביקורת
25_ptv_3884021,ועדת_הכספים,2023-12-25,https://fs.knesset.gov.il/25/Committees/25_ptv_3884021.doc,"הצעת תקנות מס רכוש וקרן פיצויים (הארכת התקופה הקובעת וקביעת תיאומים), התשפ""ד-2023",1,99,תקנות מס רכוש – הארכת תקופה קובעת לפיצויים חרבות ברזל; ויכוח על ספטמבר-אוקטובר 2023; 'היד קפוצה',מס רכוש | פיצויים | הארכת תקופה | חרבות ברזל
25_ptv_4670148,ועדת_הכספים,2024-06-05,https://fs.knesset.gov.il/25/Committees/25_ptv_4670148.doc,"תכנית הממשלה לשיקום, לחידוש ולפיתוח חבל התקומה",1,120,הצגת תכנית ממשלתית לשיקום חבל התקומה – עקרונות; יישובים עורפיים מחוץ לחבל,תקומה | שיקום | עוטף עזה | יישובים | יישובים עורפיים
25_ptv_4670148,ועדת_הכספים,2024-06-05,https://fs.knesset.gov.il/25/Committees/25_ptv_4670148.doc,"תכנית הממשלה לשיקום, לחידוש ולפיתוח חבל התקומה",121,234,פרטי שיקום לקיבוצים ספציפיים; ביטחון ושקט כתנאי ראשון; השגות רשויות ערביות-בדואיות,קיבוצים | ביטחון | בדואים | רשויות מקומיות
25_ptv_10138767,ועדת_הכספים,2025-11-24,https://fs.knesset.gov.il/25/Committees/25_ptv_10138767.doc,"הצעת חוק לתיקון פקודת מס הכנסה (הטבות במס ליישוב מאוים באזור), התשפ""ה-2025, פ/5890/25",1,60,הצגת חוק הטבות מס ליישוב מאוים; מועצת בנימין – הכי הרבה מתגייסים; בתי לוחם קיבלו 80M ₪ שלא הגיעו לאזור,ליישוב מאוים | הטבות מס | מועצת בנימין | בתי לוחם
25_ptv_10138767,ועדת_הכספים,2025-11-24,https://fs.knesset.gov.il/25/Committees/25_ptv_10138767.doc,"הצעת חוק לתיקון פקודת מס הכנסה (הטבות במס ליישוב מאוים באזור), התשפ""ה-2025, פ/5890/25",61,127,הרחבה לגליל ומעלה אדומים; הגדרת איום ביטחוני; נוף הגליל – אין ביקוש לדירות?,גליל | מעלה אדומים | איום ביטחוני | הגדרות | נוף הגליל
25_ptv_5611185,ועדת_הכספים,2025-01-21,https://fs.knesset.gov.il/25/Committees/25_ptv_5611185.doc,"סעיף 16 (דיגיטציה של חשבוניות מס) מתוך הצעת חוק ההתייעלות הכלכלית (תיקוני חקיקה להשגת יעדי התקציב לשנת התקציב 2025), התשפ""ה–2024,  מ/1822",1,90,סעיף 16 חוק ההתייעלות – דיגיטציה חשבוניות מס; עסקאות עם הרשות הפלסטינית חייבות חשבונית I+P,"חשבוניות מס | דיגיטציה | רשות פלסטינית | מע""מ"
25_ptv_5611185,ועדת_הכספים,2025-01-21,https://fs.knesset.gov.il/25/Committees/25_ptv_5611185.doc,"סעיף 16 (דיגיטציה של חשבוניות מס) מתוך הצעת חוק ההתייעלות הכלכלית (תיקוני חקיקה להשגת יעדי התקציב לשנת התקציב 2025), התשפ""ה–2024,  מ/1822",91,223,קשיי יישום – העברות בבנקים פלסטינים; קשיי אוכלוסיות מבוגרות; חשבוניות בכתב יד עדיין תקפות,יישום | בנקים פלסטינים | אוכלוסייה מבוגרת | כתב יד
25_ptv_5831831,ועדת_הכספים,2025-02-18,https://fs.knesset.gov.il/25/Committees/25_ptv_5831831.doc,"סעיפים 7-6 (שינוי מבנה ומיזוג) מתוך הצעת חוק ההתייעלות הכלכלית (תיקוני חקיקה להשגת יעדי התקציב לשנת התקציב 2025), התשפ""ה-2024,  מ/1822",1,130,סעיפים 6-7 חוק ההתייעלות – שינוי מבנה ומיזוג; הסתייגות: שר האוצר → ממשלה+ועדת הכספים,שינוי מבנה | מיזוג | חוק ההתייעלות | הסתייגויות
25_ptv_5831831,ועדת_הכספים,2025-02-18,https://fs.knesset.gov.il/25/Committees/25_ptv_5831831.doc,"סעיפים 7-6 (שינוי מבנה ומיזוג) מתוך הצעת חוק ההתייעלות הכלכלית (תיקוני חקיקה להשגת יעדי התקציב לשנת התקציב 2025), התשפ""ה-2024,  מ/1822",131,243,הצבעות על הסתייגויות; רביזיות מרובות; כל הסתייגויות נדחו,הצבעות | רביזיות | הסתייגויות
25_ptv_10438082,ועדת_הכספים,2025-12-01,https://fs.knesset.gov.il/25/Committees/25_ptv_10438082.doc,הצעת אישור מוסדות ציבור לעניין סעיף 46 לפקודת מס הכנסה(רשימה שסימנה 2025-004153),1,20,אישור סעיף 46; סעיף 64 (מנהלת הר הבית) הוצא לבדיקה בבקשת גפני – שמירה על סטטוס קוו,סעיף 46 | מוסדות ציבור | הר הבית | סטטוס קוו
25_ptv_2495630,ועדת_הכספים,2023-05-01,https://fs.knesset.gov.il/25/Committees/25_ptv_2495630.doc,"הצעת חוק התקציב לשנת הכספים 2023, התשפ""ג-2023,  מ/1610",1,100,"תקציב 2023 – שר החינוך קיש; יישובי מ""מ (ממשל מינהלי); ייצוג מגזרי","תקציב חינוך | שר החינוך | מ""מ | ממשל מינהלי | ייצוג"
25_ptv_2495630,ועדת_הכספים,2023-05-01,https://fs.knesset.gov.il/25/Committees/25_ptv_2495630.doc,"הצעת חוק התקציב לשנת הכספים 2023, התשפ""ג-2023,  מ/1610",101,209,"ממ""ח (חינוך ממלכתי-חרדי) – תקציב ברף הגבוה ביותר; ויכוח על שוויון תקציבי","ממ""ח | חינוך חרדי | תקציב | שוויון"
25_ptv_5449141,ועדת_הכספים,2024-12-29,https://fs.knesset.gov.il/25/Committees/25_ptv_5449141.doc,"הצעת צו היטלי סחר ואמצעי הגנה (היטל יבוא הנובע מהסכם העדפה) (הוראת שעה), התשפ""ה - 2024",1,30,"צו היטל יבוא (הסכם העדפה, הוראת שעה) – אישור",היטל יבוא | הסכם העדפה | הוראת שעה | מכס
25_ptv_5449141,ועדת_הכספים,2024-12-29,https://fs.knesset.gov.il/25/Committees/25_ptv_5449141.doc,"הצעת צו היטלי סחר ואמצעי הגנה (היטל יבוא הנובע מהסכם העדפה) (הוראת שעה), התשפ""ה - 2024",31,58,"מענקי פרישה עובדי רשות המיסים – רבע מיליון שקל לבכירים; ח""כ שירי מטיל ספק",מענקי פרישה | רשות המיסים | שכר בכירים | ביקורת
25_ptv_5032362,ועדת_הכספים,2024-09-11,https://fs.knesset.gov.il/25/Committees/25_ptv_5032362.doc,1. הצעת אישור מוסדות ציבור לעניין סעיף 46 לפקודת מס הכנסה (רשימה שסימנה: 003361),1,25,רשימה 1 – אושרה בהצבעה,סעיף 46 | מוסדות ציבור | אישור
25_ptv_5032362,ועדת_הכספים,2024-09-11,https://fs.knesset.gov.il/25/Committees/25_ptv_5032362.doc,1. הצעת אישור מוסדות ציבור לעניין סעיף 46 לפקודת מס הכנסה (רשימה שסימנה: 003361),26,152,רשימה 2 – ארגוני מיסיון לא יקבלו; קהילת סאטמר בבדיקה; אישורי ניהול תקין,מיסיון | סאטמר | ניהול תקין | עמותות
25_ptv_11449029,ועדת_הכספים,2026-01-26,https://fs.knesset.gov.il/25/Committees/25_ptv_11449029.doc,"הצעת חוק לעידוד פעילות בשוק ההון (תיקוני חקיקה), התשפ""ד-2024,  מ/1773",1,100,חוק עידוד שוק ההון – נכסים פיננסיים; תשלום בנכסים דיגיטליים (קריפטו) ללא הסכמת צדדים,שוק ההון | נכסים דיגיטליים | קריפטו | נכסים פיננסיים
25_ptv_11449029,ועדת_הכספים,2026-01-26,https://fs.knesset.gov.il/25/Committees/25_ptv_11449029.doc,"הצעת חוק לעידוד פעילות בשוק ההון (תיקוני חקיקה), התשפ""ד-2024,  מ/1773",101,224,שמירת סיכון – סעיף מהותי; פרטי ניסוח; הפרה פלילית,שמירת סיכון | ניסוח | הפרה פלילית | אסדרה
25_ptv_4641023,ועדת_הכספים,2024-06-18,https://fs.knesset.gov.il/25/Committees/25_ptv_4641023.doc,"הצעה לדיון מהיר בנושא: ""פיצוי למוסדות ומוזיאונים בגין ירידה בהכנסות כתוצאה ממלחמת חרבות ברזל"", של ח""כ  ולדימיר בליאק, חמד עמאר, ינון אזולאי, משה סולומון, גלעד קריב (מס' 239).",1,70,פיצוי מוסדות תרבות ומוזיאונים בגין ירידה בהכנסות חרבות ברזל; 9 מוזיאונים בצפון נסגרו בפינוי,תרבות | מוזיאונים | פיצוי | פינוי צפון | חרבות ברזל
25_ptv_4641023,ועדת_הכספים,2024-06-18,https://fs.knesset.gov.il/25/Committees/25_ptv_4641023.doc,"הצעה לדיון מהיר בנושא: ""פיצוי למוסדות ומוזיאונים בגין ירידה בהכנסות כתוצאה ממלחמת חרבות ברזל"", של ח""כ  ולדימיר בליאק, חמד עמאר, ינון אזולאי, משה סולומון, גלעד קריב (מס' 239).",71,125,10 מוזיאונים ב'אזורי קרבה' פתוחים אך ביקורים נמוכים (כמו לוחמי הגטאות); ויכוח על הגדרת נפגע,לוחמי הגטאות | ביקורים | הגדרת נפגע | קו עימות
25_ptv_9201716,ועדת_הכספים,2025-08-12,https://fs.knesset.gov.il/25/Committees/25_ptv_9201716.doc,דיון בנושא סיווג איום בטחוני לעיר מעלה אדומים,1,59,מעלה אדומים – ראש עיר גיא יפרח; מיליוני שקלים לאבטחה שלא מגיעים; ויכוח: משרד הפנים vs. ביטחון לאומי,מעלה אדומים | ביטחון | מימון | משרד הפנים | ביטחון לאומי
25_ptv_4743549,ועדת_הכספים,2024-06-03,https://fs.knesset.gov.il/25/Committees/25_ptv_4743549.doc,"דיון בנושא הארכת תשלום מענק עידוד חזרה לעבודה, הצעתה של ח""כ אפרת רייטן מרום",1,52,הארכת מענק עידוד חזרה לעבודה עד יוני; ביטוח לאומי; דיון נפרד נדרש לתעשיינים,מענק חזרה לעבודה | ביטוח לאומי | תעשיינים | הארכה
25_ptv_9972690,ועדת_הכספים,2025-11-11,https://fs.knesset.gov.il/25/Committees/25_ptv_9972690.doc,דיון בנושא הצעת רשות שוק ההון ביטוח וחיסכון לשינוי הכיסוי הביטוחי בקרנות הפנסיה החדשות,1,50,הצעת רשות שוק ההון – שינוי כיסוי ביטוחי בקרנות פנסיה; כבר הוחל בקרן אחת ב-1.6.2025,קרנות פנסיה | כיסוי ביטוחי | רשות שוק ההון | ביצוע
25_ptv_9972690,ועדת_הכספים,2025-11-11,https://fs.knesset.gov.il/25/Committees/25_ptv_9972690.doc,דיון בנושא הצעת רשות שוק ההון ביטוח וחיסכון לשינוי הכיסוי הביטוחי בקרנות הפנסיה החדשות,51,123,"ויכוח: מי מרוויח, השפעה על צבירה; קרנות חייבות לשנות עד 1.1.2026 ולא ערוכות",צבירה | תשואה | מוכנות | קרנות פנסיה | 2026
25_ptv_3603945,ועדת_הכספים,2023-11-06,https://fs.knesset.gov.il/25/Committees/25_ptv_3603945.doc,"הצעת חוק התוכנית לסיוע כלכלי (הוראת שעה – חרבות ברזל), התשפ""ד– 2023,  מ/1670",1,110,"קריאת סעיפים – תיקון חוק בתי משפט; ימי המתנה לחל""ת; מסלול חל""ת","חל""ת | ימי המתנה | קריאת חוק | חרבות ברזל"
25_ptv_3603945,ועדת_הכספים,2023-11-06,https://fs.knesset.gov.il/25/Committees/25_ptv_3603945.doc,"הצעת חוק התוכנית לסיוע כלכלי (הוראת שעה – חרבות ברזל), התשפ""ד– 2023,  מ/1670",111,242,תקופת אכשרה; ימי התייצבות; שעות עבודה ותנאי שמרטפיות,אכשרה | שעות עבודה | שמרטפיות | פרטי חוק
25_ptv_13162705,ועדת_הכספים,2026-03-19,https://fs.knesset.gov.il/25/Committees/25_ptv_13162705.doc,"פרק ז' (מס מיוחד על רווחי בנקים) מתוך הצעת חוק ההתייעלות הכלכלית (תיקוני חקיקה להשגת יעדי התקציב לשנת התקציב 2026), התשפ""ו-2026,  מ/1924",1,150,המשך דיון מס רווחי בנקים; גירעון יורד מ-5.1% ל-4.5%; מסקנות ועדה; הסכמות חלקיות,מס רווחי בנקים | גירעון | ועדה | הסכמות
25_ptv_13162705,ועדת_הכספים,2026-03-19,https://fs.knesset.gov.il/25/Committees/25_ptv_13162705.doc,"פרק ז' (מס מיוחד על רווחי בנקים) מתוך הצעת חוק ההתייעלות הכלכלית (תיקוני חקיקה להשגת יעדי התקציב לשנת התקציב 2026), התשפ""ו-2026,  מ/1924",151,302,הסתדרות המורים – מייצגת מורים עם חשבונות בנק; בקשת חוות דעת; הסתייגויות,הסתדרות המורים | בנקים | חוות דעת | סיכום
25_ptv_9743274,ועדת_הכספים,2025-10-28,https://fs.knesset.gov.il/25/Committees/25_ptv_9743274.doc,"דיון בנושא אי העברת תקציבים לתכנית החומש של הרשויות הדרוזיות והצ'רקסיות לשנת 2025, הצעתו של ח""כ עפיף עבד",1,110,תכנית חומש רשויות דרוזיות וצ'רקסיות – 10M חינוך בלתי פורמאלי ו-3M הסעות לא עברו כלל,רשויות דרוזיות | צ'רקסים | תכנית חומש | חינוך | הסעות
25_ptv_9743274,ועדת_הכספים,2025-10-28,https://fs.knesset.gov.il/25/Committees/25_ptv_9743274.doc,"דיון בנושא אי העברת תקציבים לתכנית החומש של הרשויות הדרוזיות והצ'רקסיות לשנת 2025, הצעתו של ח""כ עפיף עבד",111,231,"משרד הרווחה הקצה 19M; קולות קוראים לא ייעודיים (40,000 תושבים כלליים); דרישה לתיקון המנגנון",רווחה | קול קורא | מנגנון חלוקה | ייעוד תקציבי
25_ptv_10926847,ועדת_הכספים,2025-12-23,https://fs.knesset.gov.il/25/Committees/25_ptv_10926847.doc,"1. הצעת תקנות הפיקוח על שירותים פיננסיים (קופות גמל) (זקיפת תשואה בקרן פנסיה חדשה מקיפה)(תיקון), התשפ""ו–2025",1,54,תקנות קופות גמל – זקיפת תשואה; רשות שוק ההון מבקשת 3 שנים; קרנות חייבות שינוי ב-1.1.2026 ולא ערוכות,קופות גמל | זקיפת תשואה | קרנות פנסיה | 2026 | רשות שוק ההון
25_ptv_4425342,ועדת_הכספים,2024-04-01,https://fs.knesset.gov.il/25/Committees/25_ptv_4425342.doc,"הצעת מכירת החזקות המדינה בחברת אל- על נתיבי אוויר לישראל בע""מ בהתאם לסעיף 5(ד)(2) לחוק נכסי המדינה, התשי""א- 1951",1,50,הצגת הצעת מכירת 4% ממניות אל-על; כתב אופציה שפג בנובמבר; הצעת רכש הייתה,אל-על | מניות | מכירה | כתב אופציה | 4%
25_ptv_4425342,ועדת_הכספים,2024-04-01,https://fs.knesset.gov.il/25/Committees/25_ptv_4425342.doc,"הצעת מכירת החזקות המדינה בחברת אל- על נתיבי אוויר לישראל בע""מ בהתאם לסעיף 5(ד)(2) לחוק נכסי המדינה, התשי""א- 1951",51,96,שיטת המכירה; מגעים עם 10-5 קונים; ציפייה לתוצאות תוך חודשיים,שיטת מכירה | קונים | לוח זמנים | אל-על
25_ptv_2412052,ועדת_הכספים,2023-04-16,https://fs.knesset.gov.il/25/Committees/25_ptv_2412052.doc,"הצעת חוק הפחתת הגירעון והגבלת ההוצאה התקציבית (תיקון מס' 23) (הוראת שעה), התשפ""ג-2023,  מ/1612",1,121,חוק הפחתת הגירעון – תיקון 23; נתוני רבעון 1 2023 סבירים; תחזיות גירעון 2026-2027; צמיחה=יציבות,גירעון | הפחתת הגירעון | חוק יסוד | 2026 | 2027 | צמיחה
25_ptv_10108179,ועדת_הכספים,2025-11-18,https://fs.knesset.gov.il/25/Committees/25_ptv_10108179.doc,"הצעת חוק לתיקון פקודת מס הכנסה (תיקון מס' 283) (זיכוי בעד שירות מילואים כלוחם), התשפ""ה-2025,  מ/1890",1,130,תיקון 283 פקודת מס הכנסה – זיכוי מס בעד שירות מילואים; 2.75 נקודות; ילדים קטנים,מילואים | זיכוי מס | נקודות זיכוי | פקודת מס הכנסה
25_ptv_10108179,ועדת_הכספים,2025-11-18,https://fs.knesset.gov.il/25/Committees/25_ptv_10108179.doc,"הצעת חוק לתיקון פקודת מס הכנסה (תיקון מס' 283) (זיכוי בעד שירות מילואים כלוחם), התשפ""ה-2025,  מ/1890",131,252,ניוד נקודות זיכוי – עלות גבוהה; חובת דיווח,ניוד נקודות זיכוי | עלות | דיווח | מילואים
25_ptv_13426060,ועדת_הכספים,2026-02-23,https://fs.knesset.gov.il/25/Committees/25_ptv_13426060.doc,פעילות מנהלת תקומה ומנהלת שיקום הצפון,1,70,"מנהלת תקומה – שיקום עוטף עזה; תכנית חומש; יעדי 2025 בתהליכי עיבוד; 3,000+ יחידות דיור",תקומה | עוטף עזה | שיקום | תכנית חומש | יחידות דיור
25_ptv_13426060,ועדת_הכספים,2026-02-23,https://fs.knesset.gov.il/25/Committees/25_ptv_13426060.doc,פעילות מנהלת תקומה ומנהלת שיקום הצפון,71,138,"מנהלת שיקום הצפון – נהריה, ערים מפונות; שר אלקין; הכנה ליום שאחרי בעוד 3 שנים",שיקום הצפון | נהריה | אלקין | פינוי | יום שאחרי
25_ptv_7299545,ועדת_הכספים,2025-06-10,https://fs.knesset.gov.il/25/Committees/25_ptv_7299545.doc,סיוע כלכלי למשפחות החטופים,1,75,עדויות משפחות חטופים (613 יום); 80 משפחות; ענבר הימן; עגינות פיננסית,חטופים | משפחות חטופים | 613 יום | סיוע כלכלי
25_ptv_7299545,ועדת_הכספים,2025-06-10,https://fs.knesset.gov.il/25/Committees/25_ptv_7299545.doc,סיוע כלכלי למשפחות החטופים,76,157,הליכי חקיקה לסיוע; מעגל שני ושלישי תקועים; חוק מימון הוצאות קיים אך לא מיושם,חקיקה | מעגל שני | חוק מימון הוצאות | יישום
25_ptv_4299882,ועדת_הכספים,2024-02-29,https://fs.knesset.gov.il/25/Committees/25_ptv_4299882.doc,"הצעת תקנות מס הכנסה (ניכוי הוצאות רכב) (תיקון מס'...), התשפ""ג-2023; תקנות מס ערך מוסף (תיקון מס'...), התשפ""ג-2023; צו הבלו על דלק (פטור והישבון) (תיקון מס'...), התשפ""ג-2023",1,138,תקנות ניכוי הוצאות רכב – רכב מעל 3.5 טון; רכב חשמלי; דלקן; רכב זמני פטור מהתקן תדלוק,ניכוי הוצאות רכב | רכב חשמלי | דלקן | תקנות מס הכנסה
25_ptv_4940138,ועדת_הכספים,2024-07-21,https://fs.knesset.gov.il/25/Committees/25_ptv_4940138.doc,"הצעת חוק לתיקון פקודת מס הכנסה (מס' 273) (הפקדות משרת מילואים), התשפ""ד–2024, פ/4392/25 כ/1039",1,80,תיקון 273 פקודת מס הכנסה – הפקדות לפנסיה למילואימניקים; רשות המיסים כתבה הנחיה לקופות גמל,מילואים | הפקדות פנסיה | פקודת מס הכנסה | קופות גמל
25_ptv_4940138,ועדת_הכספים,2024-07-21,https://fs.knesset.gov.il/25/Committees/25_ptv_4940138.doc,"הצעת חוק לתיקון פקודת מס הכנסה (מס' 273) (הפקדות משרת מילואים), התשפ""ד–2024, פ/4392/25 כ/1039",81,140,קופות גמל לא ערוכות – מערכות לא מוכנות; בקשה להוסיף 'כאילו שולמו בשנת 2023',קופות גמל | מערכות | עיכובים | תיקון
25_ptv_4082722,ועדת_הכספים,2024-01-16,https://fs.knesset.gov.il/25/Committees/25_ptv_4082722.doc,"צו תעריף המכס והפטורים ומס קנייה על טובין (תיקון מס' 20 והוראת שעה מס' 14), התשפ""ב-2022 (תיקון), התשפ""ד-2023 (הפחתה וביטול של מכסים על מוצרי חקלאות שונים, לרבות ירקות, פירות, שימורים)",1,48,צו תעריף המכס – הקפאת מצב 2023; רשימה ב' 50%; ויכוח על אננס וחקלאות לאחר 7.10,מכס | תעריף | חקלאות | אננס | הקפאה
25_ptv_5095209,ועדת_הכספים,2024-07-16,https://fs.knesset.gov.il/25/Committees/25_ptv_5095209.doc,"הצעת חוק לתיקון פקודת מסי העירייה ומסי הממשלה (פטורין) (פטור מארנונה למצללה), התשפ""ג-2023, פ/3467/25",1,150,הצעת חוק פטור מארנונה – פרגולות; הצעות חוק פרטיות פוגעות ברשויות מקומיות; כפל מס,ארנונה | פטור | פרגולה | רשויות מקומיות | כפל מס
25_ptv_5095209,ועדת_הכספים,2024-07-16,https://fs.knesset.gov.il/25/Committees/25_ptv_5095209.doc,"הצעת חוק לתיקון פקודת מסי העירייה ומסי הממשלה (פטורין) (פטור מארנונה למצללה), התשפ""ג-2023, פ/3467/25",151,294,שר הפנים מתנגד לגרוע הכנסות מרשויות; אומדנים; בית מגורים מול קרקע חקלאית,שר הפנים | הכנסות | אומדנים | רשויות מקומיות
25_ptv_3500128,ועדת_הכספים,2023-10-23,https://fs.knesset.gov.il/25/Committees/25_ptv_3500128.doc,"דיון בנושא: ""חרבות ברזל והערכות הממשלה למתן פיצויים בחקלאות בעקבות הלחימה, בהשתתפות שר האוצר החקלאות ופיתוח הכפר, מר אבי דיכטר'""",1,80,שר החקלאות דיכטר – פיצוי לחקלאים; מסלול ראשוני דרך רשות המיסים לכלל החקלאים,חקלאות | פיצוי | שר החקלאות | רשות המיסים | חרבות ברזל
25_ptv_3500128,ועדת_הכספים,2023-10-23,https://fs.knesset.gov.il/25/Committees/25_ptv_3500128.doc,"דיון בנושא: ""חרבות ברזל והערכות הממשלה למתן פיצויים בחקלאות בעקבות הלחימה, בהשתתפות שר האוצר החקלאות ופיתוח הכפר, מר אבי דיכטר'""",81,186,"ויכוח על 'כספים קואליציוניים'; דרישה שכסף פיצויים לא ינמשך ע""י האוצר; ענפים ספציפיים",כספים קואליציוניים | אוצר | ענפים ספציפיים | הגנה על כספים
25_ptv_10139167,ועדת_הכספים,2025-11-25,https://fs.knesset.gov.il/25/Committees/25_ptv_10139167.doc,"הצעת חוק הטבות מס ליישובים (תיקוני חקיקה), התשפ""ו-2025,  מ/1901",1,196,"חוק הטבות מס ליישובים – קריטריונים; כפר ורדים (1,000 תושבים עם מרכז חיים אחר); ישוב מוטב vs. מאוים",הטבות מס | ישובים | כפר ורדים | קריטריונים | בנייה
25_ptv_2396807,ועדת_הכספים,2023-03-26,https://fs.knesset.gov.il/25/Committees/25_ptv_2396807.doc,"הצעת אישור מוסדות ציבור לעניין סעיף 46 לפקודת מס הכנסה, סימנה שמספרה 2023-001137",1,6,רשימה 2023-001137 – אושרה בהצבעה מהירה; כל המוסדות עמדו בתנאים,סעיף 46 | מוסדות ציבור | אישור מהיר
25_ptv_5234173,ועדת_הכספים,2024-12-02,https://fs.knesset.gov.il/25/Committees/25_ptv_5234173.doc,"הצעת אישור קופות החולים להוספה של משאבה היברידית לסל הקופה עבור מבוטחים זכאים בגיל 41 ומעלה, לגביית השתתפות עצמית עבור מתכלים למשאבה בהתאם לסעיף 8(א2)(1) לחוק ביטוח בריאות ממלכתי,התשנ""ד-1994",1,34,אישור הוספת משאבה היברידית לסל קופות חולים; מוגבל עד גיל 40 – 'מה חשבו שיעשו בגיל 42?'; רביזיה,קופות חולים | סל בריאות | משאבה היברידית | גיל 40 | רביזיה
25_ptv_5675521,ועדת_הכספים,2025-01-15,https://fs.knesset.gov.il/25/Committees/25_ptv_5675521.doc,"הצעת צו רשות שדות התעופה (סכום תשלום שנתי), התשפ""ד-2024",1,100,רשות שדות התעופה – צו תשלום שנתי; הוצאות קשיחות 2.5B ₪ כולל שכר; ניתוח מכר דיוטי פרי,רשות שדות התעופה | תשלום שנתי | 2.5B | דיוטי פרי | שכר
25_ptv_5675521,ועדת_הכספים,2025-01-15,https://fs.knesset.gov.il/25/Committees/25_ptv_5675521.doc,"הצעת צו רשות שדות התעופה (סכום תשלום שנתי), התשפ""ד-2024",101,212,"פרטי הצו; ח""כ עמאר הצביע בממשלה בעד 'אפס' ועכשיו תומך בצו",ועדת הכספים | שדות תעופה | הצבעה | אי-עקביות פוליטית
25_ptv_3468957,ועדת_הכספים,2023-10-26,https://fs.knesset.gov.il/25/Committees/25_ptv_3468957.doc,"דיון בנושא: ""חרבות ברזל והערכות הממשלה למתן פיצוי בעקבות הלחימה, בהשתתפות שר האוצר מר בצלאל סמוטריץ'""",1,80,מלונות ואתרי נופש – פיצויי חרבות ברזל; מלונות אילת; מערכת הבריאות – בעיות תקציביות חמורות,מלונות | אילת | חרבות ברזל | מערכת הבריאות | תקציב
25_ptv_3468957,ועדת_הכספים,2023-10-26,https://fs.knesset.gov.il/25/Committees/25_ptv_3468957.doc,"דיון בנושא: ""חרבות ברזל והערכות הממשלה למתן פיצוי בעקבות הלחימה, בהשתתפות שר האוצר מר בצלאל סמוטריץ'""",81,200,שר הבריאות בוארון מבטיח 'לא יהיו הסטות כספיות'; שמרטפיות + הסעות לתושבי פנים,שר הבריאות | הסטות כספיות | שמרטפיות | הסעות
25_ptv_11784821,ועדת_הכספים,2026-02-19,https://fs.knesset.gov.il/25/Committees/25_ptv_11784821.doc,"פרק ב' (מיסוי של קופות גמל) מתוך הצעת חוק ההתייעלות הכלכלית (תיקוני חקיקה להשגת יעדי התקציב לשנת התקציב 2026), התשפ""ו-2026,  מ/1924",1,5,פרק ב' מיסוי קופות גמל (חוק ההתייעלות) – דיון נדחה לשבוע הבא עם נוסחים מגובשים,קופות גמל | מיסוי | חוק ההתייעלות | דחייה
25_ptv_1996157,ועדת_הכספים,2023-02-20,https://fs.knesset.gov.il/25/Committees/25_ptv_1996157.doc,מיסוי החומרים הממסים ושמני הסיכה- המשך דיון,1,80,רפורמת מיסוי חומרים ממסים ושמני סיכה; מפעל בניר עוז (עוטף עזה) הוחרג; מחלוקת על בסיס חישוב,חומרים ממסים | שמני סיכה | מס | ניר עוז | רפורמה
25_ptv_1996157,ועדת_הכספים,2023-02-20,https://fs.knesset.gov.il/25/Committees/25_ptv_1996157.doc,מיסוי החומרים הממסים ושמני הסיכה- המשך דיון,81,140,שני משטרי מס לסוגים שונים – בקשה לאחד; ויכוח על ניסיון ועל בסיס ההכרעה,משטרי מס | איחוד | תעשייה | חומרים כימיים
25_ptv_4517985,ועדת_הכספים,2024-05-21,https://fs.knesset.gov.il/25/Committees/25_ptv_4517985.doc,"הצעת תקנות מס הכנסה (פטור מהגשת דין וחשבון) (תיקון), התשפ""ד-2024",1,80,תקנות פטור מהגשת דין וחשבון – ישראל עלולה להיכנס לרשימה שחורה אם לא מתקנים; תיקון בתהליך,דין וחשבון | מס הכנסה | רשימה שחורה | תיקון
25_ptv_4517985,ועדת_הכספים,2024-05-21,https://fs.knesset.gov.il/25/Committees/25_ptv_4517985.doc,"הצעת תקנות מס הכנסה (פטור מהגשת דין וחשבון) (תיקון), התשפ""ד-2024",81,135,הרחבה מעבר לחקיקה הראשית; פטור מס עולים חדשים (סעיף 90) – עולים ישנים לא כלולים,עולים חדשים | פטור מס | סעיף 90 | הרחבה
25_ptv_2963268,ועדת_הכספים,2023-07-10,https://fs.knesset.gov.il/25/Committees/25_ptv_2963268.doc,1. ישיבת ועדת הכספים,1,50,תקנות שוק ההון – הפחתת שיעורים ל-2024-2025; שיעור 30% לעומת ערב-קורונה,שוק ההון | תקנות | הפחתה | 2024-2025
25_ptv_2963268,ועדת_הכספים,2023-07-10,https://fs.knesset.gov.il/25/Committees/25_ptv_2963268.doc,1. ישיבת ועדת הכספים,51,66,הצבעות על שלוש תקנות נפרדות – כולן עברו,הצבעות | תקנות | אישור
25_ptv_6945543,ועדת_הכספים,2025-05-12,https://fs.knesset.gov.il/25/Committees/25_ptv_6945543.doc,ישיבת ועדת הכספים,1,60,"עדויות משפחות חטופים – אבינתן, ניסיון חילוץ; פתיחת ישיבה",חטופים | עדויות | אבינתן | פתיחה
25_ptv_6945543,ועדת_הכספים,2025-05-12,https://fs.knesset.gov.il/25/Committees/25_ptv_6945543.doc,ישיבת ועדת הכספים,61,183,שר ירושלים ומסורת – עתיד המשרד; ויכוח על ועדת חקירה; רציפות הממשלה,ירושלים ומסורת | משרד | ועדת חקירה | ויכוח פוליטי
25_ptv_5176032,ועדת_הכספים,2024-11-11,https://fs.knesset.gov.il/25/Committees/25_ptv_5176032.doc,פיצוי לענף המסעדנות עקב מצב הלחימה,1,119,פיצוי ענף המסעדנות – משרד הכלכלה מתנגד להחריג; 5% עלייה ארצית אך בצפת עיכובים; נתוני האוצר לא נכונים,מסעדנות | פיצוי | משרד הכלכלה | צפת | נתונים
25_ptv_6586705,ועדת_הכספים,2025-03-18,https://fs.knesset.gov.il/25/Committees/25_ptv_6586705.doc,"הצעת חוק התקציב לשנת הכספים 2025, התשפ""ה-2024,  מ/1821",1,300,תקציב 2025 – מנגנוני הפצת מידע; מערך ההסברה (485M ₪); ניהול תוכן ציוני-יהודי,תקציב 2025 | הסברה | 485M | תוכן יהודי
25_ptv_6586705,ועדת_הכספים,2025-03-18,https://fs.knesset.gov.il/25/Committees/25_ptv_6586705.doc,"הצעת חוק התקציב לשנת הכספים 2025, התשפ""ה-2024,  מ/1821",301,700,תקציב 2025 – ספרי לימוד; תרבות יהודית; ויכוחים מגזריים; שינויי זהות,תקציב 2025 | תרבות | יהדות | זהות | ספרי לימוד
25_ptv_6586705,ועדת_הכספים,2025-03-18,https://fs.knesset.gov.il/25/Committees/25_ptv_6586705.doc,"הצעת חוק התקציב לשנת הכספים 2025, התשפ""ה-2024,  מ/1821",701,1153,תקציב 2025 – הכותל כ'קואליציוני'; מוסדות ציוניים; הצבעות,תקציב 2025 | הכותל | מוסדות לאומיים | הצבעות
25_ptv_11972988,ועדת_הכספים,2026-02-22,https://fs.knesset.gov.il/25/Committees/25_ptv_11972988.doc,"פרק י' (עידוד ותמרוץ של מחקר ופיתוח) מתוך הצעת חוק התוכנית הכלכלית (תיקוני חקיקה ליישום המדיניות הכלכלית לשנת התקציב 2026), התשפ""ו-2026, מ/1924",1,250,פרק י' עידוד מחקר ופיתוח (חוק ההתייעלות 2026) – הטבה 20א; חברות בינוניות עד 100 עובדים,מחקר ופיתוח | הטבה 20א | חוק ההתייעלות | חברות בינוניות
25_ptv_11972988,ועדת_הכספים,2026-02-22,https://fs.knesset.gov.il/25/Committees/25_ptv_11972988.doc,"פרק י' (עידוד ותמרוץ של מחקר ופיתוח) מתוך הצעת חוק התוכנית הכלכלית (תיקוני חקיקה ליישום המדיניות הכלכלית לשנת התקציב 2026), התשפ""ו-2026, מ/1924",251,500,מנגנון ההטבה – שר האוצר כגורם מאשר; 'הבריכה' כליבת ההטבה; מחקר וייצור,מנגנון | שר האוצר | ייצור | הגדרות
25_ptv_11972988,ועדת_הכספים,2026-02-22,https://fs.knesset.gov.il/25/Committees/25_ptv_11972988.doc,"פרק י' (עידוד ותמרוץ של מחקר ופיתוח) מתוך הצעת חוק התוכנית הכלכלית (תיקוני חקיקה ליישום המדיניות הכלכלית לשנת התקציב 2026), התשפ""ו-2026, מ/1924",501,698,הגדרות חברה בקבוצה; מנגנון דיווח; חוק חברות מזערי (Pillar 2),קבוצת חברות | דיווח | מס מזערי | Pillar 2
25_ptv_6549826,ועדת_הכספים,2025-03-11,https://fs.knesset.gov.il/25/Committees/25_ptv_6549826.doc,"סעיפים 11 ו-13 (שינוי מודל החשבוניות הפיקטיביות) מתוך הצעת חוק ההתייעלות הכלכלית (תיקוני חקיקה להשגת יעדי התקציב לשנת התקציב 2025), התשפ""ה-2024,  מ/1822",1,180,"המשך דיון מודל חשבוניות פיקטיביות (חוק ההתייעלות) – הסתייגות רע""מ: מחיקת סעיף 11","חשבוניות פיקטיביות | חוק ההתייעלות | רע""מ | הסתייגויות"
25_ptv_6549826,ועדת_הכספים,2025-03-11,https://fs.knesset.gov.il/25/Committees/25_ptv_6549826.doc,"סעיפים 11 ו-13 (שינוי מודל החשבוניות הפיקטיביות) מתוך הצעת חוק ההתייעלות הכלכלית (תיקוני חקיקה להשגת יעדי התקציב לשנת התקציב 2025), התשפ""ה-2024,  מ/1822",181,523,הצבעות; 'לא יחול על עסקים שאינם מחויבים בדיווח מקוון'; רביזיות; כל הסתייגויות נדחו,הצבעות | דיווח מקוון | רביזיות | אישור
25_ptv_11882217,ועדת_הכספים,2026-02-25,https://fs.knesset.gov.il/25/Committees/25_ptv_11882217.doc,"הצעת חוק לתיקון פקודת מס הכנסה (הטבות במס ליישוב מאוים באזור), התשפ""ה–2025 (פ/5890/25) הצעת חה""כ צבי ידידיה סוכות",1,200,"חוק הטבות מס ליישוב מאוים – ביקורת: לא מעודד תוספת תושבים; ייצוג 20+ ראשי רשויות יו""ש",ליישוב מאוים | הטבות מס | יהודה ושומרון | קריטריונים
25_ptv_11882217,ועדת_הכספים,2026-02-25,https://fs.knesset.gov.il/25/Committees/25_ptv_11882217.doc,"הצעת חוק לתיקון פקודת מס הכנסה (הטבות במס ליישוב מאוים באזור), התשפ""ה–2025 (פ/5890/25) הצעת חה""כ צבי ידידיה סוכות",201,473,"קריאת ישובים לפי רמת איום (אורנית 8, אלקנה 8, אפרת 9); ויכוחים פוליטיים; הצבעות",סיווג ישובים | רמת איום | הצבעות | יהודה ושומרון
25_ptv_3652648,ועדת_הכספים,2023-11-14,https://fs.knesset.gov.il/25/Committees/25_ptv_3652648.doc,"הצעת תקנות מס רכוש וקרן פיצויים (תשלום פיצויים) (נזק מלחמה ונזק עקיף) (חרבות ברזל) (הוראת שעה), התשפ""ד-2023",1,300,מסלול חקלאות – פיצוי רק אם שולם שכר לעובדים; מחלוקת על נזק ישיר מול עקיף,מס רכוש | חקלאות | פיצויים | שכר עובדים | נזק עקיף
25_ptv_3652648,ועדת_הכספים,2023-11-14,https://fs.knesset.gov.il/25/Committees/25_ptv_3652648.doc,"הצעת תקנות מס רכוש וקרן פיצויים (תשלום פיצויים) (נזק מלחמה ונזק עקיף) (חרבות ברזל) (הוראת שעה), התשפ""ד-2023",301,650,"מסלול יישובים מפונים דרום וצפון; קריטריון 0-9 ק""מ; רשימת יישובים מרשות האוכלוסין",מפונים | עוטף עזה | קריטריון מרחק | רשימת יישובים
25_ptv_3652648,ועדת_הכספים,2023-11-14,https://fs.knesset.gov.il/25/Committees/25_ptv_3652648.doc,"הצעת תקנות מס רכוש וקרן פיצויים (תשלום פיצויים) (נזק מלחמה ונזק עקיף) (חרבות ברזל) (הוראת שעה), התשפ""ד-2023",651,1082,מסלול מסעדות ועסקי שירות; ועדות עם סמכויות שונות; קריאת תקנות; הצבעות,מסעדות | שירותים | ועדות | הצבעות
25_ptv_7965483,ועדת_הכספים,2025-07-07,https://fs.knesset.gov.il/25/Committees/25_ptv_7965483.doc,"הצעת חוק התוכנית לסיוע כלכלי (הוראת שעה - חרבות ברזל), התשפ""ה-2025,  מ/1880",1,180,"סיוע כלכלי חרבות ברזל 2025 – אין פיצוי מ-31.12.23 עד הגשה; מכרז תיירות (18 ₪ לתייר, 15M ₪)",חרבות ברזל | סיוע | תיירות | מכרז | פיצוי
25_ptv_7965483,ועדת_הכספים,2025-07-07,https://fs.knesset.gov.il/25/Committees/25_ptv_7965483.doc,"הצעת חוק התוכנית לסיוע כלכלי (הוראת שעה - חרבות ברזל), התשפ""ה-2025,  מ/1880",181,400,"מסלול מחזורים – תשומות מתיישנות ב-8 חודשים; מסלול חל""ת – ויתור נדרש; תקרות סכומים","מחזורים | חל""ת | תשומות | תקרה"
25_ptv_7788846,ועדת_הכספים,2025-05-27,https://fs.knesset.gov.il/25/Committees/25_ptv_7788846.doc,"טיוטת צו תעריף המכס והפטורים ומס קנייה על טובין (תיקון מס' 6), התשפ""ד – 2024 (ביטול הפטור ממס על הכנסת מוצרי עישון לישראל)",1,300,"צו תעריף המכס 2025 – בד""ץ ואכיפה (כסף שנכנס לאוצר מאכיפה); דיוטי פרי","מכס | תעריף | בד""ץ | אכיפה | דיוטי פרי"
25_ptv_7788846,ועדת_הכספים,2025-05-27,https://fs.knesset.gov.il/25/Committees/25_ptv_7788846.doc,"טיוטת צו תעריף המכס והפטורים ומס קנייה על טובין (תיקון מס' 6), התשפ""ד – 2024 (ביטול הפטור ממס על הכנסת מוצרי עישון לישראל)",301,650,ניתוח ניכויים ותעריפים ענפיים; ביקורות; הסכמים בינלאומיים,תעריפים | ענפים | הסכמים בינלאומיים
25_ptv_7788846,ועדת_הכספים,2025-05-27,https://fs.knesset.gov.il/25/Committees/25_ptv_7788846.doc,"טיוטת צו תעריף המכס והפטורים ומס קנייה על טובין (תיקון מס' 6), התשפ""ד – 2024 (ביטול הפטור ממס על הכנסת מוצרי עישון לישראל)",651,961,נושאים נוספים; ביקורת קואליציונית; הצבעות ואישורים,ביקורות | הצבעות | קואליציה
25_ptv_2430712,ועדת_הכספים,2023-04-23,https://fs.knesset.gov.il/25/Committees/25_ptv_2430712.doc,"פרק ט' (מסים), למעט סעיפים 41-40 ו-47-45 מתוך הצעת חוק ההתייעלות הכלכלית (תיקוני חקיקה להשגת יעדי התקציב לשנות התקציב 2023 ו-2024), התשפ""ג-2023, מ/1612",1,200,פרק ט' חוק ההתייעלות – ניכוי דמי ביטוח לאומי; תיקון בעקבות פסיקה; ביטול קיזוז כפול,מס הכנסה | ביטוח לאומי | ניכוי | פסיקה | חוק ההסדרים
25_ptv_2430712,ועדת_הכספים,2023-04-23,https://fs.knesset.gov.il/25/Committees/25_ptv_2430712.doc,"פרק ט' (מסים), למעט סעיפים 41-40 ו-47-45 מתוך הצעת חוק ההתייעלות הכלכלית (תיקוני חקיקה להשגת יעדי התקציב לשנות התקציב 2023 ו-2024), התשפ""ג-2023, מ/1612",201,476,היקף הפסד רשות המיסים; מקדמות שניתנו ביתר; תיקוני חקיקה נוספים בפרק,רשות המיסים | מקדמות | הפסד | תיקון
25_ptv_5371331,ועדת_הכספים,2024-12-02,https://fs.knesset.gov.il/25/Committees/25_ptv_5371331.doc,"הצעת חוק ההתייעלות הכלכלית (תיקוני חקיקה להשגת יעדי התקציב לשנת התקציב 2025) (הקפאת עדכוני מס ומס יסף), התשפ""ה-2024,  מ/1799",1,180,הצגת חוק ההתייעלות 2025 – ויכוחים על נוהל הדיון; סגירת משרדים מיותרים; שקיפות,חוק ההתייעלות | נוהל | שקיפות | סגירת משרדים
25_ptv_5371331,ועדת_הכספים,2024-12-02,https://fs.knesset.gov.il/25/Committees/25_ptv_5371331.doc,"הצעת חוק ההתייעלות הכלכלית (תיקוני חקיקה להשגת יעדי התקציב לשנת התקציב 2025) (הקפאת עדכוני מס ומס יסף), התשפ""ה-2024,  מ/1799",181,386,ניתוח כלכלי – עלות חוב 52%; הצגת נתונים; עצמאים ומגזרים שונים,ריבית | עלות חוב | עצמאים | נתונים
25_ptv_1832614,ועדת_הכספים,2023-01-02,https://fs.knesset.gov.il/25/Committees/25_ptv_1832614.doc,עליות המחירים בענפי המשק השונים והשפעתם על יוקר המחיה,1,150,עליות מחירים – חשמל (רשות החשמל קובעת); גז (חוזים – עד מתי?); קריאת גפני להקפאת מחירי חשמל,יוקר המחיה | חשמל | גז | רשות החשמל | הקפאה
25_ptv_1832614,ועדת_הכספים,2023-01-02,https://fs.knesset.gov.il/25/Committees/25_ptv_1832614.doc,עליות המחירים בענפי המשק השונים והשפעתם על יוקר המחיה,151,383,מעונות – מחירים גבוהים ואין בקרה; צרכנות נבונה; פתיחת שוק; כלים לצמצום יוקר,מעונות | צרכנות | פתיחת שוק | יוקר המחיה
25_ptv_10677418,ועדת_הכספים,2025-12-22,https://fs.knesset.gov.il/25/Committees/25_ptv_10677418.doc,"הצעת חוק מס חברות מזערי בקבוצה רב-לאומית, התשפ""ו-2025,  מ/1909",1,180,חוק מס חברות מזערי בקבוצה רב-לאומית (Pillar 2 OECD) – הגדרות; שנת כספים כתקופת דיווח,מס חברות מזערי | Pillar 2 | OECD | רב-לאומי | הגדרות
25_ptv_10677418,ועדת_הכספים,2025-12-22,https://fs.knesset.gov.il/25/Committees/25_ptv_10677418.doc,"הצעת חוק מס חברות מזערי בקבוצה רב-לאומית, התשפ""ו-2025,  מ/1909",181,371,חוק עידוד השקעות; סעיף 145 מועדים; מנגנון החזר מס; דיון נמשך למחרת,חוק עידוד | מועדים | מנגנון החזר | קבוצות חברות
25_ptv_1435051,ועדת_הכספים,2022-12-06,https://fs.knesset.gov.il/25/Committees/25_ptv_1435051.doc,שינויים בתקציב לשנת 2022,1,200,"שינויים תקציביים 2022 – רשות הדואר; כבישים בערים ערביות (בוסתאן אל מרג', עראבה, חג'אג'רה); הלוואות",תקציב 2022 | רשות הדואר | כבישים | ערים ערביות
25_ptv_1435051,ועדת_הכספים,2022-12-06,https://fs.knesset.gov.il/25/Committees/25_ptv_1435051.doc,שינויים בתקציב לשנת 2022,201,400,שינויים – עידוד תעסוקה; מענקי הסבה; בנק הדואר – הפרטה אפשרית בעתיד,עידוד תעסוקה | מענקי הסבה | בנק הדואר | הפרטה
25_ptv_1435051,ועדת_הכספים,2022-12-06,https://fs.knesset.gov.il/25/Committees/25_ptv_1435051.doc,שינויים בתקציב לשנת 2022,401,572,פניות 258-261 אושרו בהצבעה,פניות תקציביות | הצבעות | אישור
25_ptv_4571421,ועדת_הכספים,2024-05-21,https://fs.knesset.gov.il/25/Committees/25_ptv_4571421.doc,,1,150,עדכון שיעורי תגמולים לנכי רדיפות הנאצים – עלות 60M ₪ לעדכון ראשון ב-1.7; מדד חציון,נכי נאצים | תגמולים | עדכון | 60M | מדד
25_ptv_4571421,ועדת_הכספים,2024-05-21,https://fs.knesset.gov.il/25/Committees/25_ptv_4571421.doc,,151,303,בדיקות לאחור – טעות לטובת העלייה גרמה שיפור כוזב שמרע מצב הנכים; אישור החוק,טעות | בדיקות | מענק שנתי | אישור
25_ptv_13493656,ועדת_הכספים,2026-04-26,https://fs.knesset.gov.il/25/Committees/25_ptv_13493656.doc,,1,120,"חוק סיוע כלכלי (חרבות ברזל) לעסקים – ימי חופשה; מע""מ; איחוד עוסקים; תיירות נכנסת (15M ₪ מכרז)","חרבות ברזל | עסקים | מע""מ | תיירות | איחוד עוסקים"
25_ptv_13493656,ועדת_הכספים,2026-04-26,https://fs.knesset.gov.il/25/Committees/25_ptv_13493656.doc,,121,245,גנים ועסקים נסגרים; קשר סיבתי בין המלחמה לנזק – ויכוח משפטי,גנים | נסגרים | תיירות | קשר סיבתי
25_ptv_2856617,ועדת_הכספים,2023-06-19,https://fs.knesset.gov.il/25/Committees/25_ptv_2856617.doc,"הצעת תקנות מס רכוש וקרן פיצויים (תשלום פיצויים) (נזק מלחמה ונזק עקיף) (הוראת שעה מס' 2), התשפ""ג–2023",1,300,תקנות מס רכוש – מסלול פיצויים עם מפה; רמת גן קרוב/רחוק; צו הרחבה – שר עבודה,מס רכוש | מפה | רמת גן | פיצויים | שר עבודה
25_ptv_2856617,ועדת_הכספים,2023-06-19,https://fs.knesset.gov.il/25/Committees/25_ptv_2856617.doc,"הצעת תקנות מס רכוש וקרן פיצויים (תשלום פיצויים) (נזק מלחמה ונזק עקיף) (הוראת שעה מס' 2), התשפ""ג–2023",301,650,"פיצוי חקלאות מעבר ל-7 ק""מ; הגדרות נזק ישיר/עקיף; יהודה ושומרון",חקלאות | 7 קילומטר | נזק עקיף | יהודה ושומרון
25_ptv_2856617,ועדת_הכספים,2023-06-19,https://fs.knesset.gov.il/25/Committees/25_ptv_2856617.doc,"הצעת תקנות מס רכוש וקרן פיצויים (תשלום פיצויים) (נזק מלחמה ונזק עקיף) (הוראת שעה מס' 2), התשפ""ג–2023",651,1044,מסלול שכר – נוסחה; הוראות מעבר; הצבעות; נוסח סופי,מסלול שכר | הוראות מעבר | נוסח | הצבעות
25_ptv_5234084,ועדת_הכספים,2024-11-27,https://fs.knesset.gov.il/25/Committees/25_ptv_5234084.doc,"1. הצעת תקנות עובדים זרים (אגרת בקשה ואגרה שנתית)(תיקון), התשפ""ה–2024 (החזר בגין אגרה שנתית)",1,160,תקנות עובדים זרים – אגרת בקשה ואגרה שנתית; שפים מומחים במסעדות אתניות; קופות חולים,עובדים זרים | אגרות | שפים | מסעדות אתניות | קופות חולים
25_ptv_5234084,ועדת_הכספים,2024-11-27,https://fs.knesset.gov.il/25/Committees/25_ptv_5234084.doc,"1. הצעת תקנות עובדים זרים (אגרת בקשה ואגרה שנתית)(תיקון), התשפ""ה–2024 (החזר בגין אגרה שנתית)",161,412,מעסיק שעובד נעצר – אין עילה בתקנות; עדכון ושיתוף פעולה בין גורמים,מעסיק | עצור | רשות ההגירה | שיתוף פעולה
25_ptv_7904957,ועדת_הכספים,2025-07-06,https://fs.knesset.gov.il/25/Committees/25_ptv_7904957.doc,,1,200,סיוע דחוף לענף התיירות ומשרדי נסיעות – תשלומים שצריכים לצאת; 'הציבור חיכה לזה',תיירות | משרדי נסיעות | סיוע | תשלומים
25_ptv_7904957,ועדת_הכספים,2025-07-06,https://fs.knesset.gov.il/25/Committees/25_ptv_7904957.doc,,201,500,ויכוחים על גמישות; עובדי תיירות – 'לא ישיטו על העובדים'; בסיס מאי-יוני 2024,עובדי תיירות | גמישות | בסיס | 2024
25_ptv_7904957,ועדת_הכספים,2025-07-06,https://fs.knesset.gov.il/25/Committees/25_ptv_7904957.doc,,501,694,ועדת הכספים מכריעה כסוברנית; פרטי תשלומים; אישור,ועדת הכספים | סוברנית | אישור
25_ptv_11630985,ועדת_הכספים,2026-01-20,https://fs.knesset.gov.il/25/Committees/25_ptv_11630985.doc,"ניצול תקציבי של החלטת ממשלה מס' 1279 – פיתוח כלכלי של החברה הבדואית בנגב, במסגרת ציון הכנסת את היום המיוחד לנגב, הצעתה של ח""כ אימאן ח'טיב יאסין",1,130,"ניצול תקציב החלטת ממשלה 1279 – פיתוח כלכלי חברה בדואית; ח""כ עמאר: 'כל מה שאומרים רק דברים'",בדואים | פיתוח כלכלי | ניצול תקציב | החלטת ממשלה 1279
25_ptv_11630985,ועדת_הכספים,2026-01-20,https://fs.knesset.gov.il/25/Committees/25_ptv_11630985.doc,"ניצול תקציבי של החלטת ממשלה מס' 1279 – פיתוח כלכלי של החברה הבדואית בנגב, במסגרת ציון הכנסת את היום המיוחד לנגב, הצעתה של ח""כ אימאן ח'טיב יאסין",131,270,משרד התחבורה – ראש אגף מיעוטים; נשלח פירוט נתונים; רופאים לזכויות אדם,תחבורה | מיעוטים | נתונים | רופאים לזכויות אדם
